Song,Artist,Date,BPM,Camelot ,Energy,Duration,my_cat,Genres,Parent Genres,Album,Dance,Acoustic,Instrumental,Valence,Speech,Live,Loud (Db),Key,Time_Sig
Maple Leaf Rag,"Scott Joplin, Alexander Peskanov","September 18, 1899",116,4B,23,3:09,0,"ragtime, classical piano","Classical, Jazz","Joplin: Piano Rags, Vol. 1",41,99,88,94,0,20,-23,G#/Aâ™­,4
Snake Rag,King Oliver's Creole Jazz Band,"April 6, 1923",104,5A,31,2:58,0,"ragtime, jazz",Jazz,Louis Armstrong And King Oliver,71,99,88,96,0,20,-15,C minor,4
Reckless Blues,Bessie Smith,"January 14, 1925",67,10B,7,3:03,0,"classic blues, blues, ragtime, jazz, vocal jazz","Blues, Jazz",The Collection,43,100,71,29,0,40,-20,D,3
Maple Leaf Rag,Jelly Roll Morton,"April 8, 1925",183,4B,18,2:42,0,"ragtime, jazz, swing music, big band",Jazz,The Pearls,55,97,91,94,10,10,-16,G#/Aâ™­,4
The Stampede,Fletcher Henderson & His Orchestra,"January 1, 1926",112,4A,48,3:14,0,"big band, swing music, ragtime, jazz",Jazz,The Fletcher Henderson Story,64,98,92,90,0,20,-12,F minor,4
Black Bottom Stomp - 2002 Remastered,Jelly Roll Morton,"September 15, 1926",129,5A,48,3:12,0,"ragtime, jazz, swing music, big band",Jazz,Jazz King Of New Orleans,60,81,82,84,0,30,-13,C minor,4
Black And Tan Fantasy,Duke Ellington,"January 1, 1927",84,6B,14,2:16,0,"jazz, big band, swing music, cool jazz, jazz ballads","Jazz, Easy Listening",Berlin 1959,41,97,49,21,0,10,-19,A#/Bâ™­,4
Honky Tonk Train Blues,Meade  Lux  Lewis,"January 1, 1927",171,9B,56,2:58,0,"boogie-woogie, ragtime, boogie","R&B, Blues, Jazz",The Very Best Of Boogie Woogie,53,99,88,94,0,10,-11,G,4
Singin' the Blues,Frankie Trumbauer And His Orchestra,"January 1, 1927",133,5A,22,3:02,0,"ragtime, jazz",Jazz,The Jazz Modernists 1924-1933,71,99,76,79,0,0,-11,C minor,4
Potato Head Blues,Louis Armstrong & His Hot Seven,"May 10, 1927",182,7B,35,2:55,0,"jazz, ragtime",Jazz,The Complete Hot Five And Hot Seven Recordings Volume 2,60,97,35,92,10,10,-8,F,4
Hotter Than That,Louis Armstrong & His Hot Five,"December 1, 1927",106,5B,41,3:02,0,"jazz, ragtime",Jazz,The Complete Hot Five And Hot Seven Recordings Volume 3,78,89,28,91,0,30,-10,D#/Eâ™­,4
West End Blues,Louis Armstrong & His Hot Five,"December 1, 1927",84,5B,21,3:16,0,"jazz, ragtime",Jazz,The Essential Louis Armstrong,60,99,37,41,0,0,-12,D#/Eâ™­,4
Dinah,"Red Nichols, Glenn Miller, Jack Teagarden, Benny Goodman, Gene Krupa","April 18, 1929",126,4B,31,3:17,0,"ragtime, big band, jazz, swing music",Jazz,Red Nichols : Original 1929 Recordings,70,97,91,89,10,0,-15,G#/Aâ™­,4
You've Got To Be Modernistic,James P. Johnson,"January 21, 1930",125,4B,33,3:14,0,"ragtime, boogie-woogie, jazz","Blues, Jazz",Snowy Morning Blues,58,99,85,79,0,20,-19,G#/Aâ™­,4
I Gotta Right To Sing The Blues,Louis Armstrong,"January 26, 1933",76,2B,20,3:57,0,"jazz, swing music, vocal jazz, big band",Jazz,An American Songbook,42,64,0,27,0,20,-14,F#/Gâ™­,4
Dinah,"Hot Quintet de France, Stephane Grappelli","December 1, 1934",139,4B,16,2:29,0,french jazz,Jazz,French Gypsy Jazz,67,59,0,84,0,10,-24,G#/Aâ™­,4
Christopher Columbus,Fats Waller,"January 1, 1936",134,6B,28,2:49,0,"swing music, ragtime, big band, jazz",Jazz,"If You Got To Ask, You Ain't Got It!",70,93,1,84,0,10,-16,A#/Bâ™­,4
Walkin' And Swingin',"Andy Kirk & His Twelve Clouds Of Joy, Mary Lou Williams","March 2, 1936",97,7B,42,2:43,0,"swing music, big band, jazz, bebop",Jazz,1930-1941,76,93,80,86,0,10,-10,F,4
A Sailboat In the Moonlight,Billie Holiday,"June 15, 1937",120,9B,26,2:49,0,"jazz, vocal jazz, big band, swing music",Jazz,Lady Day: The Complete Billie Holiday On Columbia (1933-1944),81,89,0,78,0,0,-11,G,4
One O'Clock Jump,Count Basie,"July 7, 1937",169,3B,25,3:02,0,"big band, swing music, jazz, vocal jazz",Jazz,The Complete Decca Recordings,57,90,0,78,0,10,-17,Câ™¯/Dâ™­,3
Body and Soul,Coleman Hawkins,"October 11, 1939",95,3A,11,3:02,0,"jazz, jazz ballads, bebop, cool jazz, hard bop, swing music","Jazz, Easy Listening",Body & Soul,66,98,88,74,0,10,-17,A#/Bâ™­ minor,4
I've Found A New Baby,Benny Goodman and His Sextet,"January 1, 1940",127,8B,38,3:25,0,"swing music, big band",Jazz,Jazz Masters 33: Benny Goodman,57,45,77,53,10,60,-15,C,3
Conga Brava - 1999 Remastered,Duke Ellington,"April 19, 1940",119,6A,21,2:56,0,"jazz, big band, swing music, cool jazz, jazz ballads","Jazz, Easy Listening",Never No Lament: The Blanton-Webster Band,67,91,64,82,10,10,-20,G minor,4
Cotton Tail,"Duke Ellington, Ben Webster","May 4, 1940",120,7B,76,3:09,0,"jazz, big band, swing music, cool jazz, jazz ballads","Jazz, Easy Listening",The Essential Duke Ellington,65,86,90,71,0,0,-8,F,4
Hit The Road,The Andrews Sisters,"June 1, 1940",169,4B,40,2:33,0,"christmas, big band, swing music","Jazz, Pop",Rarities,68,90,0,80,30,0,-10,G#/Aâ™­,4
Boogie Woogie Bugle Boy,The Andrews Sisters,"April 23, 1941",167,9B,48,2:41,0,"christmas, big band, swing music","Jazz, Pop",Rarities,64,88,0,79,40,10,-12,G,4
I've Heard That Song Before,Harry James,"July 31, 1942",126,8A,38,2:55,0,"big band, swing music, jazz",Jazz,Trumpet Blues: The Best Of Harry James,58,69,0,70,0,0,-7,A minor,4
Pistol Packin' Mama - Single Version,"Bing Crosby, The Andrews Sisters, Vic Schoen & His Orchestra","October 21, 1943",200,9B,28,3:03,0,"christmas, big band, swing music","Jazz, Pop",Bing: His Legendary Years 1931-1957,64,78,0,86,20,10,-14,G,4
I'll Be Seeing You,Billie Holiday,"July 1, 1944",90,3B,3,3:31,0,"jazz, vocal jazz, big band, swing music",Jazz,Billie Holiday,36,99,6,19,0,10,-20,Câ™¯/Dâ™­,3
"It's Been a Long, Long Time",Harry James,"April 23, 1945",75,8B,22,3:25,0,"big band, swing music, jazz",Jazz,Texas Chatter,28,95,0,36,0,30,-10,C,4
I Got Rhythm,Don Byas,"September 1, 1945",153,1B,27,4:55,0,"jazz ballads, bebop, jazz, hard bop, cool jazz","Jazz, Easy Listening",Body and Soul,56,96,73,80,10,60,-11,B,4
Shaw 'Nuff - Live,"Charlie Parker, Dizzy Gillespie All Star Quintet","November 1, 1945",139,4A,26,3:03,0,"bebop, jazz, hard bop, cool jazz, jazz ballads","Jazz, Easy Listening",The Genius Of Charlie Parker,57,99,92,89,0,10,-16,F minor,4
Koko - Original Take 2,Charlie Parker,"November 26, 1945",150,4A,49,2:53,0,"bebop, jazz, hard bop, cool jazz, jazz ballads","Jazz, Easy Listening",The Charlie Parker Story,48,87,14,43,0,10,-9,F minor,4
Embraceable You,Charlie Parker,"January 1, 1947",72,7B,10,3:21,0,"bebop, jazz, hard bop, cool jazz, jazz ballads","Jazz, Easy Listening",The Complete Savoy & Dial Master Takes,51,98,32,45,0,20,-16,F,3
Manteca,Dizzy Gillespie,"January 1, 1948",87,4A,67,3:06,0,"bebop, jazz, afro-cuban jazz, hard bop, latin jazz, big band, cool jazz","Jazz, Latin",Night In Tunisia: The Very Best Of Dizzy Gillespie,62,83,85,55,20,10,-9,F minor,4
Boplicity,Miles Davis,"April 1, 1949",136,7B,18,3:01,0,"jazz, cool jazz, hard bop, bebop, jazz fusion, jazz ballads, free jazz","Jazz, Easy Listening, Electronic, Rock",Birth Of The Cool,49,93,0,50,0,0,-16,F,4
Tempus Fugue-it,Bud Powell,"January 1, 1950",152,7A,44,2:25,0,"bebop, jazz, hard bop, cool jazz",Jazz,The Complete Bud Powell On Verve,35,96,95,83,0,10,-16,D minor,4
Unforgettable,Nat King Cole,"October 1, 1951",136,7B,18,3:11,0,"christmas, adult standards, vocal jazz","Easy Listening, Pop, Jazz",Unforgettable,35,92,2,18,0,10,-14,F,3
Diamonds Are A Girl's Best Friend,Marilyn Monroe,"July 1, 1953",185,11B,30,3:32,1,vintage hollywood,,Marilyn Monroe - Limited Edition,50,95,1,64,10,10,-11,A,4
Over the Rainbow,Art Tatum,"January 1, 1954",82,3B,11,3:29,1,"jazz, ragtime, bebop",Jazz,In Private,45,99,92,45,0,10,-20,Câ™¯/Dâ™­,4
Mr. Sandman,The Chordettes,"October 1, 1954",110,11B,43,2:23,1,doo-wop,,The Chordettes' Best,62,63,0,59,0,0,-8,A,4
How About You? - Remastered 1998,Frank Sinatra,"March 5, 1956",118,12B,20,2:45,2,", big band, adult standards, swing music, vocal jazz","Jazz, Pop",Songs For Swingin' Lovers! (Remastered),57,67,0,32,0,10,-12,E,4
Walkin' After Midnight,Patsy Cline,"February 11, 1957",90,8B,20,2:34,2,classic country,,Patsy Cline,76,81,0,81,0,10,-15,C,4
Who's Sorry Now,Connie Francis,"September 1, 1957",88,5B,33,2:16,2,,"Pop, Rock",Gold,52,76,0,44,0,30,-6,D#/Eâ™­,4
Jailhouse Rock,Elvis Presley,"September 24, 1957",167,3A,58,2:29,2,"rockabilly, rock and roll",,Elvis' Golden Records,65,41,0,92,0,0,-10,A#/Bâ™­ minor,4
September In The Rain,Sarah Vaughan,"February 1, 1958",117,4B,20,3:34,2,"vocal jazz, jazz, jazz ballads",Jazz,Sarah Vaughan At Mister Kelly's (Live in Chicago),56,88,0,58,10,80,-15,G#/Aâ™­,3
Rhythm-A-Ning,Thelonious Monk,"May 1, 1958",106,4A,38,3:53,2,"jazz, bebop, hard bop, cool jazz, free jazz",Jazz,Criss-Cross (Expanded Edition),64,32,53,72,0,0,-15,F minor,4
Stupid Cupid,Connie Francis,"June 1, 1958",136,5B,79,2:13,2,,"Pop, Rock",Gold,61,73,0,97,0,0,-5,D#/Eâ™­,4
Fever,Peggy Lee,"June 19, 1958",136,9A,17,3:19,2,"vocal jazz, swing music, big band, jazz",Jazz,Things Are Swingin',84,23,0,40,0,10,-13,E minor,4
Rockin' Robin,Bobby Day,"June 27, 1958",172,9B,61,2:40,2,doo-wop,,Rockin' With Robin,54,30,0,94,10,20,-13,G,4
A Teenager In Love,Dion & The Belmonts,"March 30, 1959",79,3B,38,2:38,2,"doo-wop, rock and roll",,Presenting Dion And The Belmonts,56,67,0,62,0,10,-9,Câ™¯/Dâ™­,4
Big Iron,Marty Robbins,"September 1, 1959",116,12A,47,3:55,2,"classic country, outlaw country",,Gunfighter Ballads And Trail Songs,73,80,0,57,0,20,-8,Câ™¯/Dâ™­ minor,4
Stand By Me,Ben E. King,"April 24, 1961",118,11B,31,3:00,2,"doo-wop, rock-and-roll, soul",,Don't Play That Song (Mono),65,57,0,61,0,0,-9,A,4
Please Mr. Postman - Single / Mono,The Marvelettes,"August 21, 1961",122,10B,78,2:28,2,"motown, northern soul, doo-wop, classic soul",,Please Mr. Postman,79,73,0,97,0,10,-5,D,4
Can't Help Falling in Love,Elvis Presley,"November 21, 1961",100,10B,29,3:05,2,"rockabilly, rock and roll",,Blue Hawaii,40,94,0,34,0,10,-14,D,3
Pretty Little Baby,Connie Francis,"January 1, 1962",121,4B,40,2:22,2,,"Pop, Rock",Connie Francis Sings Second Hand Love & Other Hits,78,73,0,63,0,20,-9,G#/Aâ™­,4
Watermelon Man,Herbie Hancock,"January 1, 1962",147,3B,41,6:30,2,"jazz, jazz fusion, jazz funk, hard bop, cool jazz","Electronic, Jazz, Rock",Head Hunters,72,26,11,72,0,0,-11,Câ™¯/Dâ™­,4
Miserlou,Dick Dale,"April 1, 1962",173,12B,94,2:15,2,surf rock,,King of the Surf Guitar,29,0,94,57,0,50,-6,E,4
The Locomotion,Little Eva,"June 1, 1962",129,5B,78,2:19,2,doo-wop,,Llllloco-Motion,63,71,2,74,0,30,-10,D#/Eâ™­,4
The End of the World,Skeeter Davis,"December 1, 1962",94,6B,22,2:37,2,,Pop,The Essential Skeeter Davis,23,94,0,43,0,20,-11,A#/Bâ™­,3
Surfin' U.S.A. - Remastered 2001,The Beach Boys,"March 4, 1963",159,5B,85,2:29,2,baroque pop,,Surfin' USA (Remastered),55,66,0,97,0,10,-6,D#/Eâ™­,4
"Don't Think Twice, It's All Right",Bob Dylan,"May 27, 1963",111,12B,24,3:40,2,"folk rock, folk, singer-songwriter, roots rock",,The Freewheelin' Bob Dylan,60,89,0,47,0,20,-17,E,4
It's My Party,Lesley Gore,"June 1, 1963",128,11B,50,2:20,2,"brill building pop, bubblegum pop, classic girl group",,I'll Cry If I Want To,69,37,0,96,0,0,-12,A,4
(You're The) Devil In Disguise,Elvis Presley,"June 18, 1963",123,7B,58,2:21,2,"rockabilly, rock and roll",,"Elvis' Gold Records, Vol. 4",48,48,0,89,10,20,-14,F,4
Be My Baby,The Ronettes,"August 1, 1963",130,12B,77,2:40,2,,Pop,Be My Baby: The Very Best of The Ronettes,51,18,0,82,0,0,-7,E,4
Criss Cross,Thelonious Monk,"August 1, 1963",92,7A,37,4:40,2,"jazz, bebop, hard bop, cool jazz, free jazz",Jazz,Criss-Cross (Expanded Edition),71,58,50,81,0,0,-15,D minor,4
You Don't Own Me,Lesley Gore,"November 1, 1963",95,10B,43,2:30,2,"brill building pop, bubblegum pop, classic girl group",,Lesley Gore Sings Of Mixed-Up Hearts,47,70,0,71,0,60,-10,D,3
Don't Worry Baby - Remastered 2001,The Beach Boys,"March 2, 1964",121,12B,47,2:49,2,baroque pop,,"Shut Down, Vol. 2 (Remastered)",49,7,0,85,0,10,-10,E,4
(Going to the) Chapel of Love,The Dixie Cups,"April 1, 1964",125,11B,35,2:50,2,doo-wop,,The Very Best of The Dixie Cups: Chapel of Love,60,70,0,75,0,50,-10,A,4
L-O-V-E,Nat King Cole,"September 1, 1964",78,12B,37,2:35,2,", adult standards, vocal jazz",", Pop, Jazz",L-O-V-E,43,69,0,66,0,0,-8,E,4
My Girl,The Temptations,"December 21, 1964",105,8B,42,2:45,2,"motown, classic soul, soul",,The Temptations Sing Smokey,57,64,0,69,0,10,-11,C,4
"Oh, Pretty Woman",Roy Orbison,"March 1, 1965",127,11B,60,2:58,2,rockabilly,,"Oh, Pretty Woman",62,71,0,96,0,0,-9,A,4
Tainted Love,Gloria Jones,"May 1, 1965",166,12A,50,2:42,2,"northern soul, motown",,Vixen,66,16,0,74,0,0,-13,Câ™¯/Dâ™­ minor,4
Sinnerman,Nina Simone,"May 20, 1965",147,10A,54,10:22,2,"vocal jazz, soul jazz, soul, jazz",Jazz,Pastel Blues,44,65,0,67,10,0,-13,B minor,4
Feeling Good,Nina Simone,"June 1, 1965",82,6A,33,2:54,2,"vocal jazz, soul jazz, soul, jazz",Jazz,I Put A Spell On You,45,86,0,55,0,10,-9,G minor,4
I Put A Spell On You,Nina Simone,"June 1, 1965",89,11A,40,2:35,2,"vocal jazz, soul jazz, soul, jazz",Jazz,I Put A Spell On You,43,76,0,37,0,10,-9,F#/Gâ™­ minor,3
I Got You Babe,Sonny & Cher,"July 9, 1965",111,2B,80,3:10,5,"bubblegum pop, folk, mellow gold, rock-and-roll, rockabilly, singer-songwriter, soft rock","Easy Listening, Pop, Folk, Rock",Look At Us,63,14,0,60,0,10,-6,F#/Gâ™­,3
Do You Believe in Magic?,The Lovin' Spoonful,"July 20, 1965",139,8B,74,2:05,5,folk rock,"Folk, Rock",Do you Believe In Magic,55,21,0,76,0,30,-8,C,4
I Got You (I Feel Good),James Brown & The Famous Flames,"October 1, 1965",71,8B,47,2:45,5,soul,"Blues, R&B",I Got You (I Feel Good),61,45,0,68,0,30,-9,C,3
These Boots Are Made For Walkin',Nancy Sinatra,"December 16, 1965",83,11B,39,2:46,5,"lounge, sunshine pop",,Boots,74,48,0,39,0,10,-12,A,4
God Only Knows - Mono,The Beach Boys,"May 16, 1966",117,11A,49,2:53,5,baroque pop,"Classical, Pop",Pet Sounds (Original Mono & Stereo Mix),52,25,0,48,0,0,-8,F#/Gâ™­ minor,4
Wouldn't It Be Nice,The Beach Boys,"May 16, 1966",125,7B,63,2:33,5,baroque pop,"Classical, Pop",Pet Sounds (Original Mono & Stereo Mix),39,72,0,72,0,10,-7,F,4
Lil' Red Riding Hood,Sam The Sham & The Pharaohs,"June 1, 1966",122,10A,39,2:41,3,,Rock,Best Of Sam The Sham & The Pharaohs: 20th Century Masters Millennium Collection,76,71,0,58,0,10,-10,B minor,4
You Can't Hurry Love,The Supremes,"July 25, 1966",97,6B,71,2:47,5,"motown, northern soul, classic soul, soul","R&B, Pop, Blues",The Supremes A' Go-Go (Expanded Edition),63,30,0,66,0,0,-9,A#/Bâ™­,4
Flowers Never Bend with the Rainfall,Simon & Garfunkel,"October 24, 1966",110,11B,34,2:15,5,"folk rock, folk","Folk, Rock","Parsley, Sage, Rosemary And Thyme",43,66,0,49,0,10,-14,A,4
Happy Together,The Turtles,"January 1, 1967",120,11A,37,2:56,5,"bubblegum pop, classic rock, folk rock, merseybeat, psychedelic rock, rock-and-roll, rockabilly","Pop, Rock, Folk",Happy Together,58,55,0,59,0,0,-10,F#/Gâ™­ minor,4
Somethin' Stupid,"Frank Sinatra, Nancy Sinatra","March 1, 1967",207,12B,34,2:42,5,"christmas, big band, adult standards, swing music, jazz, vocal jazz, lounge, sunshine pop","Easy Listening, Jazz, Pop",The World We Knew,26,74,0,54,0,20,-13,E,4
Can't Take My Eyes off You,Frankie Valli,"April 1, 1967",124,12B,78,3:23,5,doo-wop,"Pop, R&B",Solo,58,51,0,56,0,0,-7,E,4
Respect,Aretha Franklin,"April 29, 1967",115,8B,56,2:27,5,"soul, motown, classic soul","R&B, Pop, Blues",I Never Loved a Man the Way I Love You,81,16,0,97,0,0,-5,C,4
Brown Eyed Girl,Van Morrison,"June 1, 1967",151,9B,58,3:03,5,"classic rock, folk, folk rock, mellow gold, rock, singer-songwriter, soft rock","Rock, Folk",Blowin' Your Mind!,49,19,0,91,0,40,-11,G,4
Baby Now That I've Found You - Mono,The Foundations,"July 1, 1967",118,8B,71,2:36,5,bubblegum pop,Pop,The Foundations,63,19,0,91,0,20,-5,C,4
The World We Knew (Over And Over),Frank Sinatra,"August 1, 1967",93,3A,42,2:47,5,"christmas, big band, adult standards, swing music, jazz, vocal jazz","Easy Listening, Jazz, Pop",The World We Knew,34,76,0,49,0,10,-12,A#/Bâ™­ minor,3
(Your Love Keeps Lifting Me) Higher & Higher,Jackie Wilson,"August 1, 1967",96,10B,68,2:59,5,"motown, northern soul, classic soul, soul, doo-wop","R&B, Pop, Blues",Higher And Higher,63,32,0,94,0,0,-7,D,4
(You Make Me Feel Like) A Natural Woman,Aretha Franklin,"September 1, 1967",111,7B,27,2:45,5,"soul, motown, classic soul","R&B, Pop, Blues",Lady Soul (With Bonus Selections),60,68,0,41,0,10,-10,F,3
What A Wonderful World,Louis Armstrong,"September 1, 1967",78,7B,37,2:17,5,"jazz, swing music, vocal jazz, big band",Jazz,Hello Louis - The Hit Years (1963-1969),27,85,0,15,0,10,-10,F,4
Good Vibrations - Remastered 2001,The Beach Boys,"September 18, 1967",133,3A,47,3:39,5,baroque pop,"Classical, Pop",Smiley Smile (Remastered),40,33,0,39,0,10,-8,A#/Bâ™­ minor,4
(You) Got What I Need,Freddie Scott,"January 1, 1968",187,8B,52,2:59,5,southern soul,,Cry To Me-The Best Of Freddie Scott,41,53,0,81,0,10,-11,C,4
(Sittin' On) the Dock of the Bay - Mono,Otis Redding,"January 8, 1968",104,10B,37,2:43,5,"motown, soul, classic soul, soul blues","R&B, Pop, Blues",The Dock of the Bay (Mono),77,68,0,53,0,0,-11,D,4
Mrs. Robinson - From The Graduate Soundtrack,Simon & Garfunkel,"April 5, 1968",92,11A,46,4:07,5,"folk rock, folk","Folk, Rock",Bookends,61,71,0,81,0,0,-14,F#/Gâ™­ minor,4
I Say a Little Prayer,Aretha Franklin,"June 14, 1968",133,11B,36,3:36,5,"soul, motown, classic soul","R&B, Pop, Blues",Aretha Now,59,48,0,50,0,0,-14,A,4
The Weight - Remastered 2000,The Band,"August 8, 1968",144,11B,55,4:34,5,"folk rock, roots rock, southern rock, americana","Folk, Rock",Music From Big Pink (Remastered),63,37,0,52,0,10,-9,A,4
Everyday People,Sly & The Family Stone,"November 1, 1968",115,9B,50,2:21,5,"funk, motown, classic soul, funk rock, soul","R&B, Pop, Blues",Stand,81,31,3,77,0,0,-11,G,4
Soulful Strut,Young-Holt Unlimited,"November 1, 1968",90,6B,66,3:01,5,instrumental soul,,The Definitive Young-Holt Unlimited,67,60,23,96,0,0,-9,A#/Bâ™­,4
Son of a Preacher Man,Dusty Springfield,"November 8, 1968",182,12B,50,2:29,5,"adult standards, british invasion, folk rock, soul, vocal jazz","Easy Listening, Folk, Rock, Blues, R&B, Jazz",Dusty In Memphis [Deluxe Edition],40,39,0,82,0,10,-11,E,4
Build Me Up Buttercup,The Foundations,"November 8, 1968",134,8B,51,2:57,5,bubblegum pop,Pop,The Foundations,66,32,0,86,0,20,-7,C,4
Sympathy For The Devil - Live 4/12/1991,The Rolling Stones,"December 6, 1968",110,11B,99,5:34,3,"classic rock, rock",Rock,Flashpoint,58,63,6,35,10,90,-3,A,4
Sugar Sugar,The Archies,"May 24, 1969",122,10B,73,2:47,5,"bubblegum pop, classic canadian rock, rock-and-roll","Pop, Rock",Everything's Archie,76,40,0,97,0,10,-7,D,4
Make Your Own Kind Of Music,Cass Elliot,"September 1, 1969",121,12B,56,2:19,5,,,Mama's Big Ones,53,61,0,70,0,20,-13,E,4
Fortunate Son,Creedence Clearwater Revival,"September 1, 1969",133,8B,66,2:20,3,"classic rock, southern rock, country rock",Rock,Willy And The Poor Boys (Expanded Edition),64,20,1,66,0,10,-8,C,4
I Want You Back,The Jackson 5,"October 1, 1969",98,4B,55,2:56,5,motown,"Pop, R&B",Diana Ross Presents The Jackson 5,64,29,0,89,0,30,-14,G#/Aâ™­,4
Love Grows (Where My Rosemary Goes),Edison Lighthouse,"January 9, 1970",109,11B,82,2:54,5,bubblegum pop,Pop,Love Grows (Where My Rosemary Goes) & Other Gems,57,40,0,75,0,0,-5,A,4
Into the Mystic - 2013 Remaster,Van Morrison,"January 27, 1970",86,4B,52,3:25,5,"classic rock, folk, mellow gold, rock, singer-songwriter, soft rock","Rock, Folk",Moondance,61,37,0,80,0,10,-10,G#/Aâ™­,4
ABC,The Jackson 5,"February 24, 1970",188,4B,79,2:54,5,"motown, christmas","Pop, R&B",ABC,57,52,0,95,0,10,-8,G#/Aâ™­,4
Our House,"Crosby, Stills, Nash & Young","March 11, 1970",140,11B,21,2:59,5,"folk rock, classic rock","Rock, Folk",Deja Vu,59,90,0,38,0,10,-15,A,4
Immigrant Song - Remaster,Led Zeppelin,"October 5, 1970",113,1B,93,2:26,3,"classic rock, rock, hard rock, rock and roll",Rock,Led Zeppelin III (Remaster),56,1,17,62,0,30,-10,B,4
Your Song,Elton John,"October 26, 1970",128,5B,32,4:01,5,"glam rock, mellow gold, piano rock, rock",,Elton John,55,83,0,32,0,10,-11,D#/Eâ™­,4
Bless the Telephone,Labi Siffre,"January 1, 1971",136,7A,18,1:40,5,classic uk pop,,The Singer and the Song,57,98,0,23,0,10,-17,D minor,4
Me and Bobby McGee,Janis Joplin,"January 12, 1971",93,10B,46,4:31,5,"classic rock, acid rock, psychedelic rock",Rock,Pearl (Legacy Edition),43,30,0,66,0,10,-11,D,4
You And Me,Penny & The Quarters,"March 1, 1971",112,7B,18,2:40,6,traditional soul,"R&B, Traditional Music",Penny & the Quarters EP,58,95,0,26,0,10,-8,F,4
Ain't No Sunshine,Bill Withers,"May 1, 1971",78,9A,42,2:06,6,soul,"Blues, R&B",Just As I Am,53,46,0,52,10,10,-11,E minor,4
A Case of You,Joni Mitchell,"June 22, 1971",101,3B,20,4:23,6,"folk, folk rock, singer-songwriter","Folk, Rock",Blue,69,90,0,68,0,10,-10,Câ™¯/Dâ™­,4
California,Joni Mitchell,"June 22, 1971",71,12B,33,3:50,6,"folk, folk rock, singer-songwriter","Folk, Rock",Blue,46,91,0,79,0,10,-9,E,3
River,Joni Mitchell,"June 22, 1971",59,8B,15,4:05,6,"folk, folk rock, singer-songwriter","Folk, Rock",Blue,40,98,0,39,0,10,-14,C,4
Tiny Dancer,Elton John,"November 5, 1971",145,8B,43,6:17,6,"glam rock, mellow gold, piano rock, rock",Rock,Madman Across The Water,41,38,0,28,0,10,-11,C,4
Stairway to Heaven - Remaster,Led Zeppelin,"November 7, 1971",82,8A,34,8:02,3,"classic rock, rock, hard rock, rock and roll",Rock,Led Zeppelin IV (Deluxe Edition),34,58,0,20,0,10,-12,A minor,4
Dancing in the Moonlight,King Harvest,"January 1, 1972",136,6B,44,3:01,6,soft rock,Rock,Dancing in the Moonlight,66,74,0,77,0,10,-16,A#/Bâ™­,4
Rocket Man (I Think It's Going To Be A Long Long Time),Elton John,"April 17, 1972",137,6B,53,4:41,6,"glam rock, mellow gold, piano rock, rock",Rock,Honky Chateau (Remastered),60,43,0,34,0,0,-9,A#/Bâ™­,4
School's Out,Alice Cooper,"April 26, 1972",134,7B,75,3:30,3,,Rock,School's Out,29,5,13,35,0,60,-9,F,4
Starman - 2012 Remaster,David Bowie,"April 28, 1972",100,7B,45,4:14,6,"glam rock, art rock",Rock,The Rise and Fall of Ziggy Stardust and the Spiders from Mars (2012 Remaster),49,17,0,55,0,50,-10,F,4
Take It Easy - 2013 Remaster,Eagles,"May 1, 1972",139,9B,67,3:31,6,"classic rock, yacht rock, soft rock","Rock, Pop",Eagles (2013 Remaster),57,34,0,74,0,10,-10,G,4
Honky Cat,Elton John,"May 19, 1972",171,10B,78,5:13,6,"glam rock, mellow gold, piano rock, rock",Rock,Honky Chateau,48,33,0,95,0,10,-6,D,4
I Can See Clearly Now - Edit,Johnny Nash,"June 23, 1972",123,10B,37,2:44,6,bubblegum pop,Pop,I Can See Clearly Now,68,63,0,62,0,0,-13,D,4
Superstition,Stevie Wonder,"October 24, 1972",101,3B,58,4:26,6,"motown, classic soul, soul","R&B, Pop, Blues",Talking Book,61,6,2,88,0,10,-14,Câ™¯/Dâ™­,4
Crocodile Rock,Elton John,"October 27, 1972",150,9A,80,3:55,6,"glam rock, mellow gold, piano rock, rock",Rock,Don't Shoot Me I'm Only The Piano Player,62,3,0,97,0,0,-7,E minor,4
Walk On the Wild Side,Lou Reed,"November 24, 1972",105,8B,32,4:15,6,"glam rock, proto-punk, art rock",Rock,Transformer,57,68,0,39,10,0,-17,C,4
Killing Me Softly With His Song,Roberta Flack,"January 23, 1973",122,4A,38,4:46,6,"adult standards, classic soul",R&B,Killing Me Softly,48,73,0,33,0,0,-10,F minor,4
Stuck In The Middle With You,Stealers Wheel,"April 27, 1973",124,9B,57,3:28,6,folk rock,"Folk, Rock",Stealers Wheel,82,9,0,96,0,10,-9,G,4
Hooked On A Feeling,"Blue Swede, Bjorn Skifs","May 26, 1973",118,4B,82,2:52,6,classic swedish pop,Pop,Hooked On A Feeling,55,26,0,93,0,30,-7,G#/Aâ™­,4
Keep Yourself Alive,Queen,"July 6, 1973",135,11B,73,3:48,6,"classic rock, rock, glam rock",Rock,At The BBC,50,23,0,45,0,0,-8,A,4
Doing All Right,Queen,"July 13, 1973",74,11B,32,4:10,6,"classic rock, rock, glam rock",Rock,At The BBC,32,41,0,29,0,0,-13,A,3
The Joker,Steve Miller Band,"October 1, 1973",83,7B,45,4:24,6,classic rock,Rock,The Joker,60,37,0,80,0,20,-10,F,4
Operator (That's Not the Way It Feels),Jim Croce,"November 1, 1973",130,9B,53,3:49,6,"folk rock, singer-songwriter","Folk, Rock",You Don't Mess Around With Jim,69,57,0,81,0,0,-9,G,4
Time in a Bottle,Jim Croce,"November 1, 1973",134,10B,16,2:28,6,"folk rock, singer-songwriter","Folk, Rock",Photographs & Memories: His Greatest Hits,53,89,0,59,0,10,-17,D,3
Come and Get Your Love - Single Version,Redbone,"January 1, 1974",107,10A,80,3:25,6,native american music,Traditional Music,Come and Get Your Love,73,17,0,96,0,0,-8,B minor,4
Rebel Rebel - 2016 Remaster,David Bowie,"February 15, 1974",126,11B,69,4:34,6,"glam rock, art rock",Rock,Diamond Dogs (2016 Remaster),64,21,2,46,0,20,-16,A,4
Killer Queen - Remastered 2011,Queen,"October 11, 1974",117,6B,65,2:59,6,"classic rock, rock, glam rock",Rock,Sheer Heart Attack,54,38,0,61,0,10,-6,A#/Bâ™­,4
Rock And Roll All Nite,KISS,"April 2, 1975",145,3B,93,2:48,3,"glam rock, glam metal, hard rock, rock, classic rock",Rock,Dressed To Kill,65,5,0,90,10,0,-6,Câ™¯/Dâ™­,4
This Will Be (An Everlasting Love),Natalie Cole,"April 12, 1975",127,4B,62,2:51,6,quiet storm,R&B,Inseparable,69,23,0,90,0,0,-11,G#/Aâ™­,4
Some Other Time - Take 7,"Tony Bennett, Bill Evans","July 1, 1975",77,8B,10,4:56,6,"vocal jazz, big band, jazz, cool jazz, jazz ballads, bebop, hard bop","Jazz, Pop",The Tony Bennett / Bill Evans Album (Expanded Edition),34,98,0,8,0,0,-16,C,4
Landslide,Fleetwood Mac,"July 11, 1975",159,6A,16,3:19,6,"yacht rock, classic rock, soft rock","Rock, Pop",Fleetwood Mac,41,88,0,42,0,10,-22,G minor,4
Wish You Were Here,Pink Floyd,"September 12, 1975",123,9B,26,5:38,6,"progressive rock, psychedelic rock, classic rock, art rock, rock",Rock,Wish You Were Here,48,74,1,38,0,80,-16,G,4
Bohemian Rhapsody - Remastered 2011,Queen,"October 31, 1975",144,5A,40,5:54,7,"classic rock, rock, glam rock",Rock,A Night At The Opera (Deluxe Remastered Version),39,29,0,23,0,20,-10,C minor,4
Love Rollercoaster,Ohio Players,"November 9, 1975",115,8B,82,4:50,6,"funk, soul, classic soul","R&B, Blues",Honey,61,18,0,47,0,0,-10,C,4
Love Of My Life - Remastered 2011,Queen,"November 28, 1975",79,7B,18,3:37,7,"classic rock, rock, glam rock",Rock,A Night At The Opera (Deluxe Remastered Version),33,94,0,26,0,10,-12,F,4
Seaside Rendezvous - Remastered 2011,Queen,"November 28, 1975",168,8B,70,2:14,7,"classic rock, rock, glam rock",Rock,A Night At The Opera (Deluxe Remastered Version),44,39,0,76,10,20,-5,C,4
The Prophet's Song - Remastered 2011,Queen,"November 28, 1975",143,7A,45,8:20,7,"classic rock, rock, glam rock",Rock,A Night At The Opera (Deluxe Remastered Version),39,32,0,18,0,30,-10,D minor,4
You're My Best Friend - Remastered 2011,Queen,"November 28, 1975",119,8B,76,2:50,7,"classic rock, rock, glam rock",Rock,A Night At The Opera (Deluxe Remastered Version),52,16,1,58,0,0,-7,C,4
T.N.T.,AC/DC,"December 1, 1975",126,11B,76,3:35,3,"rock, hard rock, classic rock, rock and roll",Rock,High Voltage,75,15,0,44,30,10,-5,A,4
Blitzkrieg Bop - 2016 Remaster,Ramones,"February 1, 1976",177,11B,78,2:14,3,"punk, proto-punk",Rock,Ramones (40th Anniversary Deluxe Edition; 2016 Remaster),39,0,47,90,20,10,-3,A,4
Isn't She Lovely,Stevie Wonder,"February 1, 1976",119,12A,82,6:34,7,"motown, classic soul, soul","R&B, Pop, Blues",Songs In The Key Of Life,49,18,0,82,10,30,-7,Câ™¯/Dâ™­ minor,4
Sheena Is a Punk Rocker,Ramones,"April 23, 1976",176,8B,97,2:49,3,"punk, proto-punk",Rock,Rocket to Russia (40th Anniversary Deluxe Edition),42,10,0,85,0,0,-2,C,4
Heaven Must Be Missing An Angel - Pt. 1,Tavares,"May 1, 1976",117,8A,75,6:34,7,"disco, philly soul",,Anthology,61,1,0,97,0,30,-9,A minor,4
You Should Be Dancing,Bee Gees,"June 1, 1976",123,8B,86,4:16,7,disco,,The Ultimate Bee Gees,70,2,52,95,0,60,-6,C,4
Don't Go Breaking My Heart - Remastered,"Elton John, Kiki Dee","June 21, 1976",131,7B,93,4:26,7,"glam rock, mellow gold, piano rock, rock, classic uk pop",Rock,Diamonds (Deluxe),72,16,0,80,0,0,-5,F,4
The Wreck of the Edmund Fitzgerald,Gordon Lightfoot,"August 1, 1976",186,12B,38,6:29,7,"folk rock, folk, singer-songwriter, yacht rock","Folk, Rock, Pop",Summertime Dream,31,12,0,16,0,10,-15,E,3
More Than a Feeling,Boston,"August 25, 1976",109,9B,68,4:45,3,"classic rock, aor",Rock,Boston,38,0,0,28,0,0,-8,G,4
Rich Girl,Daryl Hall & John Oates,"September 8, 1976",170,7B,68,2:22,7,"yacht rock, soft rock","Rock, Pop",Bigger Than Both Of Us,57,46,0,82,10,0,-7,F,4
You Make Me Feel Like Dancing,Leo Sayer,"October 1, 1976",96,1A,71,2:51,7,"soft rock, yacht rock","Rock, Pop",Charlie's Angels - Music From the Motion Picture,73,12,0,84,0,10,-6,G#/Aâ™­ minor,4
American Girl,Tom Petty and the Heartbreakers,"November 9, 1976",114,10B,73,3:30,3,classic rock,Rock,Greatest Hits,56,45,0,77,0,40,-8,D,4
Somebody To Love - Remastered 2011,Queen,"November 12, 1976",112,4B,69,4:56,7,"classic rock, rock, glam rock",Rock,A Day At The Races (Deluxe Remastered Version),50,19,0,36,0,20,-7,G#/Aâ™­,3
Go Your Own Way - 2004 Remaster,Fleetwood Mac,"December 1, 1976",135,7B,95,3:43,7,"yacht rock, classic rock, soft rock","Rock, Pop",Rumours,58,2,0,80,0,0,-5,F,4
Hotel California - 2013 Remaster,Eagles,"December 8, 1976",147,10B,51,6:31,3,"classic rock, yacht rock, soft rock",Rock,Hotel California (2013 Remaster),58,1,0,61,0,0,-9,D,4
Life in the Fast Lane - 2013 Remaster,Eagles,"December 8, 1976",110,11B,76,4:46,3,"classic rock, yacht rock, soft rock",Rock,Hotel California (2013 Remaster),67,10,0,88,0,0,-7,A,4
Good Old-Fashioned Lover Boy,Queen,"December 10, 1976",97,5B,45,2:53,7,"classic rock, rock, glam rock",Rock,A Day At The Races (Deluxe Remastered Version),55,57,0,39,0,0,-7,D#/Eâ™­,4
You And I - Remastered 2011,Queen,"December 10, 1976",134,10B,87,3:26,7,"classic rock, rock, glam rock",Rock,A Day At The Races (Deluxe Remastered Version),53,8,0,54,0,40,-6,D,4
You Take My Breath Away - Remastered 2011,Queen,"December 10, 1976",183,5B,22,5:06,7,"classic rock, rock, glam rock",Rock,A Day At The Races (Deluxe Remastered Version),24,95,0,8,0,10,-15,D#/Eâ™­,4
Silver Springs - 2004 Remaster,Fleetwood Mac,"January 1, 1977",179,8B,58,4:48,3,"yacht rock, classic rock, soft rock",Rock,Rumours (Deluxe Edition),35,1,5,43,0,20,-8,C,4
The Chain - 2004 Remaster,Fleetwood Mac,"January 1, 1977",152,11B,67,4:30,3,"yacht rock, classic rock, soft rock",Rock,Rumours (Super Deluxe),55,1,0,48,0,0,-9,A,4
Barracuda,Heart,"January 1, 1977",137,9A,69,4:21,3,"classic rock, aor, rock",Rock,Little Queen,55,2,11,67,0,10,-14,E minor,4
Psycho Killer,Talking Heads,"January 1, 1977",123,10B,40,4:20,3,"new wave, post-punk",,Talking Heads '77,72,6,0,94,0,10,-12,D,4
I Want You to Want Me,Cheap Trick,"May 30, 1977",93,10B,46,3:11,7,"power pop, aor, classic rock, glam rock",Rock,In Color,81,77,1,74,0,10,-13,D,4
Dreams - 2004 Remaster,Fleetwood Mac,"May 30, 1977",120,8B,49,4:17,7,"yacht rock, classic rock, soft rock","Rock, Pop",Rumours (Super Deluxe),83,6,0,79,0,10,-10,C,4
How Deep Is Your Love,Bee Gees,"September 1, 1977",105,4A,36,4:05,7,disco,,Greatest,63,11,0,67,0,10,-9,F minor,4
Movin' Out (Anthony's Song),Billy Joel,"September 29, 1977",134,7A,88,3:30,3,soft rock,Rock,The Stranger (Legacy Edition),66,47,0,90,0,0,-5,D minor,4
Only the Good Die Young,Billy Joel,"September 29, 1977",76,8B,87,3:55,7,soft rock,Rock,The Stranger (Legacy Edition),58,16,0,76,10,0,-6,C,4
Vienna,Billy Joel,"September 29, 1977",125,6B,50,3:34,7,soft rock,Rock,The Stranger (Legacy Edition),53,66,0,31,0,0,-7,A#/Bâ™­,4
Slip Slidin' Away,Paul Simon,"October 1, 1977",121,4B,41,4:45,7,singer-songwriter,Folk,The Essential Paul Simon,64,74,0,32,0,10,-12,G#/Aâ™­,4
We Are The Champions - Remastered 2011,Queen,"October 7, 1977",64,6A,46,2:59,7,"classic rock, rock, glam rock",Rock,News Of The World (Deluxe Remastered Version),27,38,0,17,0,10,-7,G minor,4
We Will Rock You - Remastered 2011,Queen,"October 7, 1977",81,10B,50,2:02,7,"classic rock, rock, glam rock",Rock,News Of The World (Deluxe Remastered Version),69,68,0,47,10,20,-7,D,4
Lovely Day,Bill Withers,"October 29, 1977",98,11B,65,4:17,7,soul,"Blues, R&B",Menagerie,69,29,0,71,0,10,-8,A,4
Stayin' Alive - From Saturday Night Fever,Bee Gees,"December 15, 1977",104,3A,83,4:45,7,disco,,Greatest,70,3,1,94,0,10,-7,A#/Bâ™­ minor,4
Mr. Blue Sky,Electric Light Orchestra,"January 20, 1978",178,6B,34,5:03,7,"art rock, soft rock",Rock,Out of the Blue,39,65,0,48,0,20,-10,A#/Bâ™­,4
Roxanne,The Police,"April 7, 1978",134,8B,75,3:11,7,"album rock, classic rock, permanent wave, rock",Rock,Outlandos D'Amour (Remastered 2003),62,4,0,66,30,0,-9,C,4
Surrender,Cheap Trick,"June 1, 1978",134,8B,96,4:15,3,"power pop, aor, classic rock, glam rock",Rock,Heaven Tonight,52,1,0,87,0,60,-7,C,4
Just What I Needed,The Cars,"June 6, 1978",127,12B,58,3:45,3,"power pop, new wave, classic rock",Rock,The Cars,62,2,0,69,0,0,-9,E,4
My Best Friend's Girl,The Cars,"June 6, 1978",122,7B,61,3:43,3,"power pop, new wave, classic rock",Rock,The Cars,80,9,1,96,0,10,-8,F,4
Can't Stand Losing You,The Police,"August 14, 1978",142,7A,79,2:58,8,"album rock, classic rock, permanent wave, rock",Rock,Outlandos D'Amour (Remastered 2003),74,7,0,89,30,0,-5,D minor,4
Heart Of Glass,Blondie,"September 1, 1978",115,12B,65,3:49,3,,Rock,Parallel Lines,77,5,0,69,0,0,-6,E,4
One Way Or Another,Blondie,"September 1, 1978",162,10B,92,3:37,3,,Rock,Parallel Lines,44,5,0,86,0,0,-5,D,4
I Wanna Be Sedated,Ramones,"September 1, 1978",163,1B,97,2:29,3,"punk, proto-punk",Rock,Road to Ruin (40th Anniversary Deluxe Edition),56,12,0,96,0,10,-2,B,4
My Life,Billy Joel,"October 11, 1978",131,10B,65,4:45,8,soft rock,Rock,52nd Street,74,11,0,80,0,0,-13,D,4
Bicycle Race - Remastered 2011,Queen,"October 13, 1978",83,5A,67,3:00,8,"classic rock, rock, glam rock",Rock,Jazz (Deluxe Remastered Version),43,6,0,61,0,10,-6,C minor,4
Fat Bottomed Girls - Remastered 2011,Queen,"October 13, 1978",89,10B,68,4:15,8,"classic rock, rock, glam rock",Rock,Jazz (Deluxe Remastered Version),34,3,0,40,0,30,-8,D,4
Y.M.C.A.,Village People,"October 17, 1978",126,2B,79,4:46,8,disco,Pop,Cruisin',75,3,0,75,0,0,-11,F#/Gâ™­,4
So Lonely,The Police,"November 3, 1978",77,9B,57,4:49,8,"album rock, classic rock, permanent wave, rock",Rock,Outlandos D'Amour (Remastered 2003),54,1,0,73,10,0,-8,G,4
Don't Stop Me Now - Remastered 2011,Queen,"November 10, 1978",156,7B,87,3:29,8,"classic rock, rock, glam rock",Rock,Jazz (Deluxe Remastered Version),56,5,0,60,10,70,-5,F,4
If You Can't Beat Them - Remastered 2011,Queen,"November 10, 1978",140,10B,77,4:15,8,"classic rock, rock, glam rock",Rock,Jazz (Deluxe Remastered Version),43,0,1,67,0,30,-5,D,4
September,"Earth, Wind & Fire","November 18, 1978",126,11B,83,3:35,8,"funk, disco",Pop,"The Best Of Earth, Wind & Fire Vol. 1",70,17,0,98,0,20,-7,A,4
I Will Survive - Single Version,Gloria Gaynor,"November 27, 1978",117,8B,73,3:18,8,disco,Pop,20th Century Masters: The Millennium Collection: Best Of Gloria Gaynor,78,1,1,53,0,20,-9,C,4
I Love Rock 'N Roll ,"Joan Jett & the Blackhearts, Steve Jones, Paul Cook","January 1, 1979",95,12B,84,2:57,3,rock,Rock,Bad Reputation (Music from the Original Motion Picture),69,19,0,72,20,70,-4,E,4
I Fought the Law,The Clash,"January 1, 1979",151,10B,90,2:43,3,punk,,Hits Back,53,1,0,88,0,10,-7,D,4
I Was Made For Lovin' You,KISS,"May 1, 1979",128,12B,85,4:31,3,"glam rock, glam metal, hard rock, rock, classic rock",Rock,Dynasty,77,21,0,87,0,0,-6,E,4
Don't Bring Me Down,Electric Light Orchestra,"June 1, 1979",116,10B,87,4:03,3,"art rock, soft rock",Rock,Discovery,64,14,0,81,0,0,-6,D,4
My Sharona,The Knack,"June 11, 1979",147,8B,70,4:55,8,power pop,"Pop, Rock",Get The Knack,59,6,0,90,0,0,-10,C,4
Boys Don't Cry - Single Version,The Cure,"June 15, 1979",169,10A,84,2:37,8,"new wave, post-punk, gothic rock, darkwave",,Three Imaginary Boys (Deluxe Edition),47,0,0,69,0,10,-6,B minor,4
Don't Stop 'Til You Get Enough,Michael Jackson,"July 10, 1979",119,1B,82,6:04,8,"r&b, soul","Blues, R&B",Off the Wall,88,13,5,95,0,10,-10,B,4
Highway to Hell,AC/DC,"July 27, 1979",116,11A,91,3:28,3,"rock, hard rock, classic rock, rock and roll",Rock,Highway to Hell,57,6,0,42,10,10,-5,F#/Gâ™­ minor,4
Rock with You - Single Version,Michael Jackson,"August 10, 1979",114,3B,54,3:39,8,"r&b, soul","Blues, R&B",Off the Wall,81,18,0,85,0,10,-13,Câ™¯/Dâ™­,4
Heartbreaker,Pat Benatar,"August 27, 1979",156,4A,59,3:29,8,aor,Rock,In The Heat Of The Night,46,28,0,88,0,0,-11,F minor,4
Escape (The Pina Colada Song),Rupert Holmes,"September 17, 1979",139,8B,51,4:36,8,yacht rock,"Pop, Rock",Partners In Crime,84,47,0,95,0,0,-14,C,4
Crazy Little Thing Called Love - Remastered 2011,Queen,"October 12, 1979",77,8B,76,2:43,8,"classic rock, rock, glam rock",Rock,The Game,60,71,0,72,0,30,-7,C,4
Train in Vain (Stand by Me) - Remastered,The Clash,"October 14, 1979",123,10B,72,3:12,3,punk,,London Calling (Remastered),76,9,0,97,0,10,-9,D,4
Refugee,Tom Petty and the Heartbreakers,"October 19, 1979",116,11A,71,3:21,8,classic rock,Rock,Damn The Torpedoes (Deluxe Edition),58,3,0,76,0,0,-5,F#/Gâ™­ minor,4
What I Like About You,The Romantics,"December 1, 1979",160,11B,92,2:55,8,power pop,"Pop, Rock",What I Like About You (And Other Romantic Hits),54,32,0,92,0,10,-10,A,4
Funkytown - Single Version,Lipps Inc.,"January 1, 1980",123,8B,59,3:54,8,disco,Pop,ãƒ‰ãƒ©ã‚¤ãƒ–ãŒæ¥½ã—ããªã‚‹æ´‹æ¥½ãƒ’ãƒƒãƒ„ï¼70å¹´ä»£ DISCO,92,0,83,32,0,0,-9,C,4
Turning Japanese,The Vapors,"January 1, 1980",179,8B,90,3:42,3,"new wave, power pop","Pop, Rock",Charlie's Angels - Music From the Motion Picture,50,3,0,96,0,30,-6,C,4
Call Me,Blondie,"January 28, 1980",143,7A,83,3:32,3,,"Electronic, Pop, Rock",Call Me,55,0,0,77,0,0,-7,D minor,4
Any Way You Want It,Journey,"February 1, 1980",138,9B,93,3:21,8,"aor, classic rock",Rock,Departure,53,0,0,57,0,10,-8,G,4
Echo Beach,Martha and the Muffins,"February 1, 1980",82,9B,91,3:34,8,new wave,,80-Regine del Pop,53,13,0,63,0,0,-5,G,4
Money,The Flying Lizards,"February 1, 1980",130,8B,98,5:38,8,new wave,,The Flying Lizards,83,3,14,50,10,60,-8,C,4
It's Still Rock and Roll to Me,Billy Joel,"March 12, 1980",141,8B,68,2:57,8,soft rock,Rock,Glass Houses,75,10,0,54,10,0,-8,C,4
Love Will Tear Us Apart - 2020 Remaster,Joy Division,"June 27, 1980",147,10B,92,3:28,8,"post-punk, gothic rock, new wave, darkwave, madchester, cold wave",,Love Will Tear Us Apart,53,0,77,90,0,10,-7,D,4
Another One Bites The Dust - Remastered 2011,Queen,"June 30, 1980",110,4A,53,3:34,8,"classic rock, rock, glam rock",Rock,The Game,93,12,33,76,10,10,-6,F minor,4
Back In Black,AC/DC,"July 25, 1980",188,11B,70,4:16,3,"rock, hard rock, classic rock, rock and roll",Rock,Back In Black,31,1,1,76,0,0,-6,A,4
Hells Bells,AC/DC,"July 25, 1980",107,9A,87,5:12,3,"rock, hard rock, classic rock, rock and roll",Rock,Back In Black,39,1,1,30,0,20,-5,E minor,4
Shoot to Thrill,AC/DC,"July 25, 1980",141,10B,90,5:18,3,"rock, hard rock, classic rock, rock and roll",Rock,Back In Black,46,0,9,48,0,40,-5,D,4
You Shook Me All Night Long,AC/DC,"July 25, 1980",123,9B,77,3:30,3,"rock, hard rock, classic rock, rock and roll",Rock,Back In Black,53,0,0,76,0,30,-6,G,4
You Make My Dreams (Come True),Daryl Hall & John Oates,"July 29, 1980",167,7B,50,3:10,8,"yacht rock, soft rock","Rock, Pop",Voices,75,23,11,90,0,0,-12,F,4
Whip It,DEVO,"August 13, 1980",158,11B,87,2:41,8,"new wave, post-punk, synthpop",,Freedom of Choice,78,7,0,96,0,0,-7,A,4
I'm Coming Out,Diana Ross,"August 22, 1980",110,7B,83,5:23,8,"motown, disco","Pop, R&B",Diana,72,19,43,77,0,0,-9,F,4
Crazy Train,Ozzy Osbourne,"August 29, 1980",138,11B,91,4:53,3,"metal, glam metal, heavy metal, hard rock","Metal, Rock",Blizzard Of Ozz (40th Anniversary Expanded Edition),45,41,0,52,10,20,-4,A,4
Hit Me With Your Best Shot,Pat Benatar,"September 15, 1980",127,12B,58,2:51,8,aor,Rock,Crimes Of Passion,74,12,0,94,0,20,-9,E,4
The Tide Is High - Edit,Blondie,"October 31, 1980",97,1B,67,3:52,8,"candy pop, new wave pop, permanent wave, power pop, rock, synthpop","Rock, Pop",Greatest Hits: Blondie,78,5,5,96,0,10,-7,B,4
Once in a Lifetime,Talking Heads,"January 1, 1981",117,10B,88,4:19,8,"new wave, post-punk",,Remain in Light,65,6,16,80,0,30,-8,D,4
Bad Reputation,Joan Jett & the Blackhearts,"January 23, 1981",204,2B,97,2:49,3,rock,Rock,Bad Reputation (Expanded Edition),38,0,1,82,10,0,-4,F#/Gâ™­,4
Do You Wanna Touch Me (Oh Yeah),Joan Jett & the Blackhearts,"January 23, 1981",128,1B,84,3:46,3,rock,Rock,Bad Reputation (Expanded Edition),57,2,0,73,0,10,-3,B,4
Just the Two of Us (feat. Bill Withers),"Grover Washington, Jr., Bill Withers","February 1, 1981",96,3A,50,7:18,9,"soul jazz, smooth jazz, soul","Jazz, Blues, R&B",Anthology,75,41,5,59,10,0,-13,A#/Bâ™­ minor,4
Angel Of The Morning,Juice Newton,"February 1, 1981",75,4B,23,4:14,9,"classic country pop, country dawn, soft rock","Country, Pop, Rock",Juice Newton's Greatest Hits,46,43,0,42,0,0,-13,G#/Aâ™­,4
Dancing with Myself - 2001 Remaster,"Billy Idol, Generation X","March 1, 1981",177,12B,89,3:47,9,"album rock, classic rock, dance rock, hard rock, new romantic, new wave, new wave pop, rock, soft rock, glam punk, punk","Rock, Electronic, Pop",Anthology,39,0,27,76,0,20,-7,E,4
Super Freak,Rick James,"April 7, 1981",132,8A,79,3:25,9,"funk, motown, disco","Pop, R&B",Street Songs (Deluxe Edition),84,22,0,96,0,0,-8,A minor,4
Beautiful Boy (Darling Boy) - Remastered 2010,John Lennon,"April 11, 1981",111,10B,47,4:05,9,christmas,Pop,Double Fantasy,57,73,0,44,0,80,-12,D,4
We Got The Beat,The Go-Go's,"May 1, 1981",152,10B,99,2:33,9,new wave,"Pop, Rock",Beauty And The Beat,59,16,8,48,0,0,-6,D,4
Girls on Film - 2010 Remaster,Duran Duran,"June 15, 1981",132,9B,86,3:32,9,"new wave, synthpop","Pop, Rock, Electronic",Duran Duran (Deluxe Edition),73,2,1,53,0,0,-6,G,4
Tainted Love,Soft Cell,"July 1, 1981",144,5A,50,2:33,9,"synthpop, new wave","Pop, Rock, Electronic",Non-Stop Erotic Cabaret,50,46,0,62,0,20,-8,C minor,4
Our Lips Are Sealed - Single Version,The Go-Go's,"July 1, 1981",131,4B,86,2:47,9,new wave,"Pop, Rock",Beauty And The Beat,61,4,0,95,0,0,-7,G#/Aâ™­,4
Pretty In Pink,The Psychedelic Furs,"July 1, 1981",136,10B,89,3:59,9,"new wave, post-punk","Pop, Rock",The Psychedelic Furs Superhits,38,12,1,70,0,30,-7,D,4
This Town,The Go-Go's,"July 14, 1981",159,11B,78,3:20,9,new wave,"Pop, Rock",Beauty And The Beat,39,7,0,68,0,0,-7,A,4
Don't Stop Believin',Journey,"July 17, 1981",119,12B,75,4:10,9,"aor, classic rock",Rock,Escape (Bonus Track Version),50,13,0,51,0,40,-9,E,4
Vacation,The Go-Go's,"July 20, 1981",157,12B,82,2:59,9,new wave,"Pop, Rock",Vacation,50,9,0,88,0,30,-9,E,4
Start Me Up - Remastered 2009,The Rolling Stones,"August 14, 1981",122,7B,93,3:33,3,"classic rock, rock",Rock,Tattoo You (2009 Re-Mastered),63,4,14,97,0,0,-4,F,4
Let's Groove,"Earth, Wind & Fire","September 1, 1981",125,10A,65,5:39,9,"funk, disco","Pop, R&B",Raise!,87,12,0,90,0,10,-9,B minor,4
Just Can't Get Enough,Depeche Mode,"September 7, 1981",128,8B,77,3:40,9,"new wave, synthpop, darkwave","Electronic, Pop, Rock",Speak and Spell (Deluxe),77,40,6,92,0,10,-9,C,4
Every Little Thing She Does Is Magic,The Police,"October 2, 1981",82,10B,77,4:20,9,"album rock, classic rock, permanent wave, rock",Rock,Ghost In The Machine (Remastered 2003),56,12,6,43,0,10,-10,D,4
Don't You Want Me,The Human League,"October 16, 1981",118,8A,74,3:56,9,"new wave, synthpop","Pop, Rock, Electronic",Dare!,73,18,0,96,0,20,-8,A minor,4
Under Pressure - Remastered 2011,"Queen, David Bowie","October 27, 1981",114,10B,71,4:08,9,"classic rock, rock, glam rock, art rock",Rock,Hot Space (Deluxe Remastered Version),67,42,0,47,0,10,-8,D,4
Crimson and Clover,Joan Jett & the Blackhearts,"November 23, 1981",167,8B,77,3:17,3,rock,Rock,I Love Rock 'N' Roll (Expanded Edition),18,6,0,61,0,0,-5,C,4
Edge of Seventeen,Stevie Nicks,"February 4, 1982",111,8B,83,5:29,9,heartland rock,Rock,Crystal Visions...The Very Best of Stevie Nicks,59,28,0,64,0,0,-6,C,4
No One Like You,Scorpions,"March 1, 1982",118,8A,63,3:57,3,"hard rock, glam metal, rock","Metal, Rock",Blackout,51,2,0,84,0,10,-10,A minor,4
Africa,TOTO,"March 26, 1982",93,11B,37,4:55,9,"yacht rock, soft rock","Rock, Pop",Toto IV,67,26,0,73,0,0,-18,A,4
I Melt with You,Modern English,"May 3, 1982",156,8B,81,4:11,9,"new wave, synthpop","Pop, Rock, Electronic",After the Snow,54,0,0,65,0,0,-12,C,4
Hungry Like the Wolf - 2009 Remaster,Duran Duran,"May 4, 1982",128,8B,81,3:40,9,"new wave, synthpop","Pop, Rock, Electronic",Rio (Collector's Edition),69,4,0,69,0,30,-8,C,4
Rio - 2009 Remaster,Duran Duran,"May 4, 1982",141,11B,87,5:37,9,"new wave, synthpop","Pop, Rock, Electronic",Rio (Collector's Edition),54,4,0,68,0,0,-7,A,4
Abracadabra,Steve Miller Band,"May 4, 1982",127,8A,53,5:08,9,classic rock,Rock,Abracadabra,79,7,0,96,0,10,-13,A minor,4
Eye of the Tiger,Survivor,"May 14, 1982",109,5A,60,4:05,3,"album rock, glam metal, hard rock, soft rock","Metal, Rock",Rocky IV,82,13,0,55,0,0,-9,C minor,4
Rock the Casbah - Remastered,The Clash,"May 14, 1982",130,8A,87,3:42,3,punk,Rock,Combat Rock (Remastered),80,29,0,87,0,20,-7,A minor,4
Should I Stay or Should I Go,The Clash,"May 14, 1982",113,10B,84,3:08,3,punk,Rock,Hits Back,74,8,0,85,10,40,-6,D,4
Come On Eileen,Dexys Midnight Runners,"June 25, 1982",107,10B,66,4:47,9,"new romantic, new wave, new wave pop","Pop, Rock",Too Rye Ay,45,65,0,78,0,20,-7,D,4
Bad To The Bone,George Thorogood & The Destroyers,"August 9, 1982",149,8B,73,4:52,3,"classic rock, blues rock, southern rock",Rock,BAD TO THE BONE,46,1,7,96,0,30,-12,C,1
Goodbye to You,Scandal,"September 1, 1982",159,11B,94,3:46,9,,,Playlist: The Very Best Of Scandal,49,7,0,85,0,20,-6,A,4
Back on the Chain Gang - 2007 Remaster,Pretenders,"September 17, 1982",153,10B,90,3:51,9,"album rock, classic rock, mellow gold, new romantic, new wave, new wave pop, permanent wave, rock, soft rock","Rock, Pop",Learning to Crawl (Expanded & Remastered),60,12,4,81,0,10,-6,D,4
My City Was Gone,Pretenders,"September 17, 1982",108,11B,60,5:24,9,"album rock, classic rock, mellow gold, new romantic, new wave, new wave pop, permanent wave, rock, soft rock","Rock, Pop",Learning to Crawl (US Release),74,27,46,96,0,0,-11,A,4
Shadows Of The Night,Pat Benatar,"September 18, 1982",112,2B,68,4:21,9,aor,Rock,Get Nervous,52,29,0,53,0,30,-10,F#/Gâ™­,4
Always Something There to Remind Me,Naked Eyes,"October 10, 1982",149,9B,80,3:38,10,"new wave, synthpop","Pop, Rock, Electronic",Burning Bridges,61,13,0,69,0,50,-5,G,4
Beat It,Michael Jackson,"November 29, 1982",139,2A,71,4:18,10,"r&b, soul","Blues, R&B",Thriller,78,2,0,90,0,20,-9,D#/Eâ™­ minor,4
Billie Jean,Michael Jackson,"November 29, 1982",117,10A,46,4:53,10,"r&b, soul","Blues, R&B",Thriller,93,2,4,88,0,0,-10,B minor,4
P.Y.T. (Pretty Young Thing),Michael Jackson,"November 29, 1982",127,10A,67,3:58,10,"r&b, soul","Blues, R&B",Thriller,89,17,0,96,0,0,-9,B minor,4
Thriller,Michael Jackson,"November 29, 1982",118,1B,69,5:58,10,"r&b, soul","Blues, R&B",Thriller,77,3,0,78,0,80,-10,B,4
Wanna Be Startin' Somethin',Michael Jackson,"November 29, 1982",122,11B,87,6:03,10,"r&b, soul","Blues, R&B",Thriller,84,3,42,91,0,0,-8,A,4
Total Eclipse of the Heart,Bonnie Tyler,"February 1, 1983",130,4B,72,4:27,10,"europop, new wave pop, soft rock","Pop, Rock",The Very Best of Bonnie Tyler,43,14,0,19,0,30,-6,G#/Aâ™­,4
"""True""",Spandau Ballet,"March 4, 1983",97,8B,53,6:05,10,"new wave, synthpop","Pop, Rock, Electronic",The Twelve Inch Mixes,74,31,22,42,0,0,-10,C,4
Sunday Bloody Sunday - Remastered 2008,U2,"March 21, 1983",101,2B,94,4:39,10,rock,Rock,War (Remastered),54,40,0,74,0,0,-7,F#/Gâ™­,4
Blister In The Sun,Violent Femmes,"April 13, 1983",97,8B,54,2:25,10,folk punk,,Violent Femmes,73,32,0,89,10,0,-9,C,4
Every Breath You Take,The Police,"May 20, 1983",117,3B,45,4:13,10,"album rock, classic rock, permanent wave, rock",Rock,Synchronicity (Remastered 2003),82,54,0,74,0,0,-10,Câ™¯/Dâ™­,4
I'm Still Standing,Elton John,"May 30, 1983",177,2B,90,3:03,10,"glam rock, mellow gold, piano rock, rock",Rock,Too Low For Zero,51,36,12,77,10,10,-7,F#/Gâ™­,4
The Longest Time,Billy Joel,"August 8, 1983",84,5B,33,3:43,10,soft rock,Rock,An Innocent Man,64,18,0,59,0,10,-10,D#/Eâ™­,4
Girls Just Want to Have Fun,Cyndi Lauper,"September 6, 1983",120,2B,80,3:58,10,"dance pop, new wave pop, permanent wave, soft rock","Pop, Rock",She's So Unusual,71,22,0,73,0,30,-5,F#/Gâ™­,4
Time After Time,Cyndi Lauper,"October 14, 1983",130,8B,45,4:05,10,"dance pop, new wave pop, permanent wave, soft rock","Pop, Rock",She's So Unusual,73,49,0,29,0,0,-9,C,4
Walking On Sunshine,Katrina & The Waves,"December 1, 1983",110,6B,87,3:58,10,new wave pop,Pop,Katrina & The Waves,60,1,17,94,0,0,-12,A#/Bâ™­,4
Holding Out for a Hero - From  Footloose  Soundtrack,Bonnie Tyler,"January 1, 1984",150,8A,69,5:48,10,"europop, new wave pop, soft rock","Pop, Rock",Secret Dreams and Forbidden Fire,62,2,0,90,0,0,-15,A minor,4
Radio Ga Ga - Remastered 2011,Queen,"January 23, 1984",112,7B,50,5:48,10,"classic rock, rock, glam rock",Rock,The Works (Deluxe Remastered Version),74,18,0,66,0,10,-8,F,4
Rock You Like A Hurricane,Scorpions,"January 30, 1984",126,9A,62,4:12,3,"hard rock, glam metal, rock","Metal, Rock",Love At First Sting,48,1,0,72,0,20,-13,E minor,4
I Want To Break Free - Remastered 2011,Queen,"February 20, 1984",109,12B,41,3:18,10,"classic rock, rock, glam rock",Rock,The Works (Deluxe Remastered Version),88,8,0,77,0,10,-11,E,4
Wake Me Up Before You Go-Go,Wham!,"May 14, 1984",82,8B,57,3:51,10,christmas,Pop,Make It Big,62,27,0,90,0,0,-12,C,4
Heaven Knows I'm Miserable Now - 2011 Remaster,The Smiths,"May 21, 1984",114,2B,76,3:35,10,"new wave, madchester, jangle pop","Pop, Rock",Louder Than Bombs,61,3,0,77,0,10,-5,F#/Gâ™­,4
Smalltown Boy,Bronski Beat,"May 25, 1984",135,4A,58,5:02,10,"synthpop, hi-nrg","Electronic, Pop",The Age of Consent,69,29,1,94,0,10,-11,F minor,4
Careless Whisper,George Michael,"July 23, 1984",77,7A,32,6:32,10,"new wave pop, soft rock","Pop, Rock",Make It Big,57,35,0,53,0,30,-18,D minor,4
We Belong,Pat Benatar,"October 16, 1984",135,7B,32,3:41,10,aor,Rock,Tropico,71,53,0,31,0,50,-14,F,4
Take on Me,a-ha,"October 19, 1984",84,11A,90,3:45,10,"new wave, synthpop","Pop, Rock, Electronic",Hunting High and Low,57,2,0,88,0,0,-8,F#/Gâ™­ minor,4
Shout,Tears For Fears,"November 1, 1984",98,8B,94,6:33,10,"new wave, synthpop","Pop, Rock, Electronic",Songs From The Big Chair,51,17,0,50,0,10,-10,C,4
This Night Has Opened My Eyes - 2011 Remaster,The Smiths,"November 2, 1984",100,10B,63,3:41,11,"new wave, madchester, jangle pop","Pop, Rock",Hatful of Hollow,70,0,43,70,0,20,-8,D,4
Summer Of '69,Bryan Adams,"November 5, 1984",139,10B,83,3:36,10,"canadian pop, canadian singer-songwriter, classic canadian rock, heartland rock, mellow gold, soft rock",Rock,Reckless (30th Anniversary / Deluxe Edition),51,2,0,77,0,0,-6,D,4
Can't Fight This Feeling,REO Speedwagon,"November 5, 1984",156,11B,48,4:54,11,"soft rock, aor, classic rock",Rock,Wheels Are Turnin',41,16,0,19,0,0,-11,A,4
Material Girl - 2024 Remaster,Madonna,"November 12, 1984",136,8B,89,4:02,11,"dance pop, pop","Electronic, Pop",Material Girl (2024 Remaster),74,17,0,98,0,0,-3,C,4
Don't You (Forget About Me),Simple Minds,"February 20, 1985",111,10B,82,4:23,11,new wave,"Pop, Rock",Once Upon A Time (Super Deluxe),66,17,2,68,0,0,-7,D,4
Everybody Wants To Rule The World,Tears For Fears,"February 25, 1985",112,9B,80,4:11,11,"new wave, synthpop","Pop, Rock, Electronic",Songs From The Big Chair (Super Deluxe Edition),65,35,0,54,0,10,-12,G,4
We Are The World,U.S.A. For Africa,"March 7, 1985",73,12B,45,7:07,11,musical advocacy,,We Are The World,53,19,0,29,0,0,-15,E,4
Manic Monday,The Bangles,"December 1, 1985",122,10B,59,3:04,11,jangle pop,"Pop, Rock",Different Light (Expanded Edition),69,29,0,85,0,30,-11,D,4
Walk Like an Egyptian,The Bangles,"January 1, 1986",103,1B,83,3:23,11,jangle pop,"Pop, Rock",Different Light (Expanded Edition),71,1,0,76,0,30,-13,B,4
It's Tricky,Run D.M.C.,"May 15, 1986",128,10A,86,3:03,11,"old school hip hop, east coast hip hop, hip hop",,Raising Hell,97,0,0,95,10,0,-8,B minor,4
There Is a Light That Never Goes Out - 2011 Remaster,The Smiths,"June 16, 1986",136,12B,77,4:04,11,"new wave, madchester, jangle pop","Pop, Rock",The Queen Is Dead,52,4,0,88,0,10,-6,E,4
You Give Love A Bad Name,Bon Jovi,"July 23, 1986",108,5A,94,3:42,3,glam metal,"Metal, Rock",Slippery When Wet (Deluxe Edition),54,1,0,84,0,30,-4,C minor,4
(I Just) Died In Your Arms,Cutting Crew,"July 25, 1986",125,10A,73,4:38,11,"album rock, new romantic, new wave, new wave pop, soft rock","Rock, Pop",The Best Of Cutting Crew,63,1,0,50,0,0,-11,B minor,4
Don't Dream It's Over,Crowded House,"August 1, 1986",82,4B,42,3:56,11,"australian rock, permanent wave",Rock,Crowded House,44,1,0,55,0,0,-17,G#/Aâ™­,4
Livin' On A Prayer,Bon Jovi,"August 18, 1986",123,8B,86,4:10,3,glam metal,"Metal, Rock",Slippery When Wet (Deluxe Edition),53,0,0,64,0,20,-4,C,4
With Or Without You,U2,"March 16, 1987",101,3B,77,4:37,11,rock,Rock,The Joshua Tree (Super Deluxe),56,1,0,66,0,0,-9,Câ™¯/Dâ™­,4
I Still Haven't Found What I'm Looking For,U2,"March 25, 1987",110,10B,43,4:55,11,rock,Rock,The Joshua Tree (Super Deluxe),54,0,36,11,0,10,-12,D,4
I Wanna Dance with Somebody (Who Loves Me),Whitney Houston,"May 2, 1987",119,3B,82,4:52,11,"dance pop, pop","Electronic, Pop",Whitney,71,21,0,87,0,0,-9,Câ™¯/Dâ™­,4
Just Like Heaven - Remastered 2006,The Cure,"May 26, 1987",151,11B,94,3:32,11,"new wave, post-punk, gothic rock, darkwave","Pop, Rock",Kiss Me Kiss Me Kiss Me (Remastered 2006),44,5,0,48,0,20,-7,A,4
Lips Like Sugar,Echo & the Bunnymen,"July 6, 1987",130,12B,93,4:51,11,"new wave, post-punk, gothic rock","Pop, Rock",Echo & The Bunnymen,55,0,2,86,0,20,-4,E,4
Bad - 2012 Remaster,Michael Jackson,"August 31, 1987",114,4B,89,4:07,11,"r&b, soul","R&B, Blues",Bad (Remastered),79,0,42,39,0,0,-4,G#/Aâ™­,4
Dirty Diana - 2012 Remaster,Michael Jackson,"August 31, 1987",131,5B,82,4:40,11,"r&b, soul","R&B, Blues",Bad (Remastered),74,19,0,35,0,30,-4,D#/Eâ™­,4
Man in the Mirror - 2012 Remaster,Michael Jackson,"August 31, 1987",100,4B,81,5:18,11,"r&b, soul","R&B, Blues",Bad (Remastered),81,52,0,27,0,10,-5,G#/Aâ™­,4
Smooth Criminal - 2012 Remaster,Michael Jackson,"August 31, 1987",118,4B,98,4:17,11,"r&b, soul","R&B, Blues",Bad (Remastered),85,25,47,60,0,30,-4,G#/Aâ™­,4
The Way You Make Me Feel - 2012 Remaster,Michael Jackson,"August 31, 1987",114,3B,85,4:58,11,"r&b, soul","R&B, Blues",Bad (Remastered),88,5,0,54,10,10,-5,Câ™¯/Dâ™­,4
Under the Milky Way,The Church,"February 15, 1988",136,8A,58,4:57,11,"jangle pop, new wave, post-punk, neo-psychedelic, dream pop","Pop, Rock",Starfish,58,5,20,52,0,10,-13,A minor,4
I Hate Myself for Loving You,Joan Jett & the Blackhearts,"May 2, 1988",118,11B,88,4:06,3,rock,Rock,Up Your Alley,61,8,0,61,0,10,-11,A,4
Straight Outta Compton,N.W.A.,"July 10, 1988",103,4B,94,4:19,11,"old school hip hop, gangster rap, west coast hip hop, hip hop, rap, g-funk",,Straight Outta Compton (2002 - Remaster),83,4,0,37,20,30,-6,G#/Aâ™­,4
I'm Gonna Be (500 Miles),The Proclaimers,"August 1, 1988",132,12B,55,3:39,3,celtic rock,,Sunshine on Leith,85,15,0,81,0,0,-5,E,4
Closer to Fine,Indigo Girls,"February 28, 1989",98,11B,68,4:01,11,"ectofolk, folk, lilith, singer-songwriter, women's music",,Indigo Girls (Expanded Edition),54,37,0,75,0,20,-6,A,4
Here Comes Your Man,Pixies,"April 17, 1989",125,10B,78,3:21,11,alternative rock,,Doolittle,67,5,3,90,0,10,-12,D,4
Free Fallin',Tom Petty and the Heartbreakers,"April 24, 1989",84,7B,45,4:16,11,classic rock,Rock,Full Moon Fever,62,21,0,57,0,0,-13,F,4
I Won't Back Down,Tom Petty and the Heartbreakers,"April 24, 1989",114,9B,48,2:58,11,classic rock,Rock,Full Moon Fever,77,5,0,97,0,10,-13,G,4
Pump Up The Jam,Technotronic,"August 18, 1989",125,3A,84,5:20,12,"eurodance, hip house, dance","Electronic, Pop, Hip Hop",Pump Up The Jam,89,1,0,72,0,0,-9,A#/Bâ™­ minor,4
Personal Jesus - Single Version,Depeche Mode,"August 29, 1989",130,1B,90,3:44,11,"new wave, synthpop, darkwave","Pop, Rock, Electronic",The Singles 86-98,67,9,2,79,0,0,-4,B,4
We Didn't Start the Fire,Billy Joel,"September 18, 1989",145,9B,97,4:51,12,soft rock,Rock,Storm Front,71,8,0,90,0,30,-5,G,4
Groove Is In The Heart,Deee-Lite,"August 1, 1990",122,11B,76,3:51,12,hip house,"Electronic, Hip Hop",Charlie's Angels - Music From the Motion Picture,80,8,0,91,0,10,-7,A,4
Freedom! '90 - Remastered,George Michael,"September 3, 1990",92,7B,86,6:30,12,"new wave pop, soft rock","Pop, Rock",Listen Without Prejudice Vol. 1 (Remastered),67,24,0,94,0,0,-10,F,4
Right Here Right Now,Jesus Jones,"September 27, 1990",107,10B,61,3:09,12,madchester,Rock,Doubt,66,1,0,72,0,10,-14,D,4
Unbelievable,EMF,"October 22, 1990",104,3B,85,3:29,12,madchester,Rock,Schubert Dip,64,0,4,93,0,10,-7,Câ™¯/Dâ™­,4
Can I Kick It?,A Tribe Called Quest,"October 29, 1990",97,8B,67,4:11,12,"jazz rap, east coast hip hop, old school hip hop, hip hop","Hip Hop, Jazz",People's Instinctive Travels and the Paths of Rhythm ,85,17,0,74,20,10,-7,C,4
Shiny Happy People,R.E.M.,"March 12, 1991",125,11B,91,3:45,12,"jangle pop, alternative rock, rock","Rock, Pop",Out Of Time (25th Anniversary Edition),45,3,6,81,0,20,-4,A,4
Learning To Fly,Tom Petty and the Heartbreakers,"June 17, 1991",117,8B,77,4:02,12,classic rock,Rock,Into The Great Wide Open,65,21,0,95,0,30,-10,C,4
Two Princes,Spin Doctors,"August 20, 1991",104,9B,91,4:16,12,"pop rock, post-grunge","Pop, Rock",Pocket Full Of Kryptonite (Anniversary Edition),54,0,0,83,0,0,-11,G,4
Give It Away,Red Hot Chili Peppers,"September 4, 1991",92,9B,94,4:42,14,"funk rock, alternative rock, rock","Rock, R&B",Blood Sugar Sex Magik (Deluxe Edition),67,0,9,78,0,10,-10,G,4
Smells Like Teen Spirit,Nirvana,"September 10, 1991",117,3B,91,5:01,3,"grunge, rock",Rock,Nevermind (Remastered),50,0,0,72,0,10,-5,Câ™¯/Dâ™­,4
Come As You Are,Nirvana,"September 24, 1991",120,9A,82,3:38,3,"grunge, rock",Rock,Nevermind (Remastered),50,0,0,54,0,0,-6,E minor,4
Under the Bridge,Red Hot Chili Peppers,"September 24, 1991",85,12B,35,4:24,14,"funk rock, alternative rock, rock","Rock, R&B",Blood Sugar Sex Magik (Deluxe Edition),56,6,0,46,0,10,-13,E,4
Black or White,Michael Jackson,"November 11, 1991",115,11B,90,4:16,12,"r&b, soul","R&B, Blues",Dangerous,52,17,3,87,0,0,-4,A,4
Friday I'm in Love,The Cure,"April 21, 1992",136,5A,76,3:34,12,"new wave, post-punk, gothic rock, darkwave","Electronic, Rock, Pop",Wish,53,0,0,51,0,30,-12,C minor,4
Jump Around,House Of Pain,"May 5, 1992",107,9A,71,3:34,12,"gangster rap, hip hop, rap rock, west coast rap","Hip Hop, Rock",House Of Pain,85,1,0,82,0,10,-6,E minor,4
Baby Got Back,Sir Mix-A-Lot,"May 7, 1992",128,4B,65,4:22,12,old school hip hop,Hip Hop,Mack Daddy,94,1,0,61,30,0,-11,G#/Aâ™­,4
I'm Too Sexy,Right Said Fred,"July 11, 1992",122,11A,79,2:50,12,"eurodance, europop, hip house","Electronic, Pop, Hip Hop",Up,68,0,1,84,0,20,-13,F#/Gâ™­ minor,4
Undone -- The Sweater Song - Kitchen Tape Demo,Weezer,"September 1, 1992",134,2B,79,5:33,19,alternative rock,Rock,Weezer (Deluxe Edition),42,0,0,46,0,0,-6,F#/Gâ™­,4
Say It Ain't So,Weezer,"September 1, 1992",152,5B,56,4:18,14,alternative rock,Rock,Weezer,63,1,0,48,0,0,-6,D#/Eâ™­,4
Creep,Radiohead,"September 21, 1992",92,9B,43,3:58,3,"art rock, alt rock",Rock,Pablo Honey,52,1,0,10,0,10,-10,G,4
No Rain,Blind Melon,"September 22, 1992",148,11B,48,3:37,12,grunge,Rock,Blind Melon,39,62,0,57,0,20,-9,A,4
Dreams,The Cranberries,"September 28, 1992",129,12B,65,4:31,12,"irish rock, pop rock, rock","Rock, Pop","Everybody Else Is Doing It, So Why Can't We?",55,0,0,51,0,40,-13,E,4
Everybody Hurts,R.E.M.,"October 5, 1992",94,10B,32,5:20,12,"jangle pop, alternative rock, rock","Rock, Pop",Automatic For The People,47,62,2,17,0,10,-10,D,3
Man On The Moon,R.E.M.,"October 5, 1992",119,9B,70,5:14,12,"jangle pop, alternative rock, rock","Rock, Pop",Automatic For The People,67,42,0,66,0,20,-8,G,4
What's Up?,4 Non Blondes,"October 13, 1992",134,10B,56,4:55,12,"new wave pop, pop rock","Pop, Rock","Bigger, Better, Faster, More !",56,16,0,45,0,10,-10,D,4
Are You Gonna Go My Way,Lenny Kravitz,"February 8, 1993",129,10A,67,3:31,3,"permanent wave, rock",Rock,Are You Gonna Go My Way,62,0,1,78,0,30,-10,B minor,4
Linger,The Cranberries,"February 15, 1993",95,9B,43,4:34,12,"irish rock, pop rock, rock","Rock, Pop","Everybody Else Is Doing It, So Why Can't We?",44,8,0,20,0,10,-15,G,4
Whoomp! (There It Is),Tag Team,"May 7, 1993",129,9A,65,3:45,12,miami bass,"Electronic, Hip Hop",Whoomp! (There It Is),80,0,0,43,0,0,-7,E minor,4
All I Wanna Do,Sheryl Crow,"August 3, 1993",120,11B,53,4:32,12,"lilith, new wave pop, permanent wave, pop rock, singer-songwriter","Rock, Pop, Folk",Tuesday Night Music Club,82,11,2,93,0,20,-11,A,4
"Run, Baby, Run",Sheryl Crow,"August 3, 1993",124,12B,55,4:53,12,"lilith, new wave pop, permanent wave, pop rock, singer-songwriter","Rock, Pop, Folk",Tuesday Night Music Club,53,14,0,25,0,50,-12,E,3
Strong Enough,Sheryl Crow,"August 3, 1993",155,10B,27,3:09,12,"lilith, new wave pop, permanent wave, pop rock, singer-songwriter","Rock, Pop, Folk",Tuesday Night Music Club,58,79,0,58,0,10,-15,D,3
Shoop,Salt-N-Pepa,"September 21, 1993",97,8B,67,4:08,12,old school hip hop,Hip Hop,Very Necessary,94,9,0,79,20,0,-7,C,4
I Like To Move It (feat. The Mad Stuntman) - Erick More Mix,"Reel 2 Real, The Mad Stuntman, Erick Morillo","October 1, 1993",123,4A,78,3:50,12,"eurodance, soca, disco house, funky tech house, tribal house, vocal house","Electronic, Pop, R&B, Latin",Move It!,86,4,0,76,0,10,-9,F minor,4
Whatta Man (feat. En Vogue) - EP Version,"Salt-N-Pepa, En Vogue","October 12, 1993",173,7B,66,4:56,12,"old school hip hop, new jack swing","R&B, Hip Hop",The Very Best of En Vogue,73,9,0,95,10,10,-9,F,4
Breakfast At Tiffany's,Deep Blue Something,"October 13, 1993",110,10B,83,4:17,12,pop rock,"Pop, Rock",Home,62,11,0,54,0,10,-6,D,4
Mary Jane's Last Dance,Tom Petty and the Heartbreakers,"November 15, 1993",170,6B,81,4:32,3,classic rock,Rock,Anthology: Through The Years,40,4,0,52,10,20,-5,A#/Bâ™­,4
The Sign,Ace of Base,"November 23, 1993",97,9A,79,3:11,13,"eurodance, europop","Electronic, Pop",The Sign,81,1,7,90,0,0,-7,E minor,4
Welcome to Paradise,Green Day,"February 1, 1994",89,2A,96,3:44,14,"punk, pop punk","Pop, Rock",Dookie,37,0,1,72,0,0,-4,D#/Eâ™­ minor,4
Basket Case,Green Day,"February 1, 1994",85,5B,94,3:01,14,"punk, pop punk","Pop, Rock",Dookie,44,0,0,78,0,0,-3,D#/Eâ™­,4
When I Come Around,Green Day,"February 1, 1994",98,1B,91,2:58,14,"punk, pop punk","Pop, Rock",Dookie,53,2,0,81,0,20,-4,B,4
Black Hole Sun,Soundgarden,"March 8, 1994",105,2B,83,5:18,3,"grunge, post-grunge, hard rock",Rock,Superunknown (Deluxe Edition),35,0,0,15,0,0,-5,F#/Gâ™­,4
I Wish,Skee-Lo,"April 10, 1994",98,9B,81,4:09,13,west coast hip hop,,I Wish,67,0,0,57,10,30,-7,G,4
I'll Stand by You,Pretenders,"April 11, 1994",134,9B,61,4:00,13,"album rock, classic rock, mellow gold, new romantic, new wave, new wave pop, permanent wave, rock, soft rock","Rock, Pop",Last of the Independents,44,30,0,27,0,0,-7,G,4
Buddy Holly,Weezer,"May 10, 1994",121,4B,92,2:39,14,alternative rock,Rock,Weezer,56,0,0,77,0,10,-5,G#/Aâ™­,4
Come Out and Play,The Offspring,"August 29, 1994",158,9B,77,3:17,3,"punk, skate punk",Rock,Smash,52,7,0,92,0,0,-9,G,4
Zombie,The Cranberries,"September 19, 1994",167,9B,64,5:06,3,"irish rock, pop rock, rock",Rock,No Need To Argue,31,2,0,30,0,30,-9,G,4
High and Dry,Radiohead,"February 27, 1995",88,12B,38,4:17,13,"art rock, alternative rock",Rock,The Bends,42,7,2,35,0,0,-12,E,4
Alright,Supergrass,"May 15, 1995",146,9A,96,3:00,13,britpop,,I Should Coco,47,0,20,70,0,30,-5,E minor,4
Hand in My Pocket - 2015 Remaster,Alanis Morissette,"June 13, 1995",92,8B,66,3:42,13,"canadian pop, canadian singer-songwriter, lilith, neo mellow, pop rock, singer-songwriter","Rock, Pop, Folk",Jagged Little Pill (2015 Remaster),66,14,0,67,0,10,-8,C,4
Head over Feet - 2015 Remaster,Alanis Morissette,"June 13, 1995",80,8B,81,4:27,13,"canadian pop, canadian singer-songwriter, lilith, neo mellow, pop rock, singer-songwriter","Rock, Pop, Folk",Jagged Little Pill (2015 Remaster),48,6,0,44,0,20,-7,C,4
You Are Not Alone,Michael Jackson,"June 20, 1995",120,1B,40,5:44,13,"r&b, soul","R&B, Blues","HIStory - PAST, PRESENT AND FUTURE - BOOK I",65,64,0,26,0,0,-9,B,4
Gangsta's Paradise,"Coolio, L.V.","August 15, 1995",80,4B,51,4:00,13,"west coast hip hop, g-funk, new jack swing",R&B,Gangsta's Paradise,65,7,0,39,0,40,-10,G#/Aâ™­,4
Just A Girl,No Doubt,"September 21, 1995",108,10B,91,3:29,3,"dance, pop, rock, permanent wave",Rock,Tragic Kingdom,64,7,0,77,0,10,-5,D,4
Wonderwall - Remastered,Oasis,"October 2, 1995",174,10B,89,4:18,13,"britpop, madchester",Rock,(What's The Story) Morning Glory?,38,0,0,43,0,10,-4,D,4
Don't Speak,No Doubt,"October 10, 1995",76,4A,71,4:23,3,"dance, pop, rock, permanent wave",Rock,Tragic Kingdom,52,24,0,57,0,10,-7,F minor,4
Spiderwebs,No Doubt,"October 10, 1995",143,6B,85,4:26,3,"dance, pop, rock, permanent wave",Rock,Tragic Kingdom,49,4,0,66,0,10,-7,A#/Bâ™­,4
1979,The Smashing Pumpkins,"October 24, 1995",127,5B,78,4:23,13,"alternative rock, rock",Rock,(Rotten Apples) The Smashing Pumpkins Greatest Hits,77,2,68,96,0,0,-10,D#/Eâ™­,4
California Love - Original Version,"2Pac, Roger, Dr. Dre","December 3, 1995",92,9B,85,4:44,13,"old school hip hop, gangster rap, west coast hip hop, g-funk, hip hop, funk, post-disco, rap",Hip Hop,Greatest Hits,76,3,0,76,0,30,-3,G,4
How Bizarre,OMC,"December 15, 1995",125,8B,68,3:44,13,nz pop,,How Bizarre,78,27,0,82,0,50,-8,C,4
It's All Coming Back to Me Now,Celine Dion,"March 11, 1996",88,8B,44,7:36,13,,,Falling into You,38,75,0,29,0,10,-9,C,4
I Love You Always Forever,Donna Lewis,"April 16, 1996",104,7B,45,3:59,13,new wave pop,Pop,Now in a Minute,74,63,42,12,0,0,-12,F,4
Wannabe,Spice Girls,"June 26, 1996",110,1B,86,2:53,13,"dance pop, girl group, pop",,Spice,77,10,0,89,0,10,-6,B,4
Santeria,Sublime,"July 23, 1996",91,12A,77,3:02,13,"reggae rock, ska punk, ska",,Sublime,68,3,0,57,0,10,-5,Câ™¯/Dâ™­ minor,4
What I Got,Sublime,"July 23, 1996",96,9B,70,2:50,13,"reggae rock, ska punk, ska",,Sublime,80,1,0,66,0,30,-7,G,4
The Distance,CAKE,"August 5, 1996",184,10A,75,3:00,13,alternative rock,Rock,Fashion Nugget,46,1,0,90,0,0,-8,B minor,4
Tubthumping,Chumbawamba,"August 11, 1996",101,10B,88,4:38,13,anarcho-punk,,Tubthumper,35,13,0,61,10,30,-7,D,4
Lovefool - Radio Edit,The Cardigans,"September 6, 1996",112,11B,60,3:13,13,swedish pop,,First Band On The Moon,64,4,0,95,0,20,-8,A,4
Friend Is a Four Letter Word,CAKE,"September 17, 1996",131,8A,58,3:22,0,alternative rock,Rock,Fashion Nugget,44,11,0,30,0,10,-10,A minor,4
Frank Sinatra,CAKE,"September 17, 1996",114,9B,51,4:00,0,alternative rock,Rock,Fashion Nugget,68,18,3,57,0,10,-9,G,4
"Perhaps, Perhaps, Perhaps",CAKE,"September 17, 1996",114,8B,44,2:24,0,alternative rock,Rock,Fashion Nugget,71,8,0,89,0,40,-9,C,4
Everyday Is A Winding Road,Sheryl Crow,"November 18, 1996",113,2B,67,4:16,13,"lilith, new wave pop, permanent wave, pop rock, singer-songwriter","Rock, Pop, Folk",Sheryl Crow,63,4,0,72,0,10,-8,F#/Gâ™­,4
Semi-Charmed Life,Third Eye Blind,"February 18, 1997",102,9B,86,4:28,3,"alt metal, alt rock, pop rock, post-grunge",,Third Eye Blind,64,1,0,70,0,10,-7,G,4
How's It Going to Be,Third Eye Blind,"April 8, 1997",80,7B,59,4:13,13,"alternative metal, alternative rock, pop rock, post-grunge","Rock, Pop",Third Eye Blind,56,0,0,57,0,10,-9,F,4
Jumper - 1998 Edit,Third Eye Blind,"April 8, 1997",91,8B,54,4:32,13,"alternative metal, alternative rock, pop rock, post-grunge","Rock, Pop",Third Eye Blind,60,1,0,62,0,20,-9,C,4
Karma Police,Radiohead,"May 28, 1997",75,9B,50,4:24,13,"art rock, alternative rock",Rock,OK Computer,36,6,0,32,0,10,-9,G,4
Bitter Sweet Symphony - Remastered 2016,The Verve,"June 16, 1997",171,11B,92,5:57,13,"britpop, shoegaze",,Urban Hymns (Remastered 2016),36,3,0,52,0,40,-6,A,4
Everlong,Foo Fighters,"August 1, 1997",158,10A,88,4:10,3,"post-grunge, rock, alt rock, grunge",Rock,The Colour And The Shape,41,0,0,36,0,0,-6,B minor,4
Save Tonight,Eagle-Eye Cherry,"October 7, 1997",120,8B,69,3:59,3,pop rock,"Pop, Rock",Desireless,55,0,0,58,0,10,-9,C,4
Good Riddance (Time of Your Life),Green Day,"October 14, 1997",95,9B,43,2:33,14,"punk, pop punk","Pop, Rock",Nimrod,48,18,0,65,0,10,-8,G,4
Kiss Me,Sixpence None The Richer,"November 22, 1997",100,5B,75,3:28,13,"lilith, pop rock","Rock, Pop",Sixpence None The Richer,53,2,0,42,0,0,-7,D#/Eâ™­,4
There She Goes,Sixpence None The Richer,"November 22, 1997",120,6B,79,2:44,13,"lilith, pop rock","Rock, Pop",Sixpence None The Richer,50,0,0,46,0,10,-6,A#/Bâ™­,4
Miami,Will Smith,"November 25, 1997",108,3B,53,3:17,14,"hip hop, pop rap","Hip Hop, Pop",Big Willie Style,88,3,0,89,10,0,-6,Câ™¯/Dâ™­,4
No Surprises,Radiohead,"January 12, 1998",76,7B,39,3:49,14,"art rock, alternative rock",Rock,OK Computer,26,6,0,12,0,10,-11,F,4
Closing Time,Semisonic,"March 10, 1998",93,9B,87,4:33,14,"pop rock, post-grunge","Pop, Rock",Feeling Strangely Fine,49,2,0,28,0,10,-5,G,4
Iris,The Goo Goo Dolls,"April 1, 1998",156,10A,72,4:49,3,"neo mellow, permanent wave, pop rock, post-grunge",Rock,Dizzy up the Girl,32,0,0,50,0,0,-8,B minor,3
Inside Out,Eve 6,"April 28, 1998",176,1B,82,3:39,14,post-grunge,Rock,Eve 6,48,11,0,69,0,30,-8,B,4
Fly Away,Lenny Kravitz,"May 12, 1998",160,9B,87,3:41,3,"permanent wave, rock",Rock,5,59,2,0,74,0,60,-5,G,4
Almost Doesn't Count,Brandy,"June 9, 1998",72,5A,54,3:38,14,"r&b, contemporary r&b",R&B,Never Say Never,68,49,0,48,0,10,-7,C minor,4
Have You Ever,Brandy,"June 9, 1998",134,10B,53,4:33,14,"r&b, contemporary r&b",R&B,Never Say Never,70,54,0,28,0,30,-6,D,4
I Don't Want To Miss A Thing - Armageddon,Aerosmith,"June 23, 1998",121,10B,65,4:59,14,"classic rock, rock",Rock,I Don't Want To Miss A Thing EP,39,17,0,14,0,20,-5,D,4
One Week,Barenaked Ladies,"July 7, 1998",113,11B,90,2:49,14,"canadian pop, canadian rock, pop rock, post-grunge","Pop, Rock",Stunt (20th Anniversary Edition),70,1,0,73,0,0,-6,A,4
Doo Wop (That Thing),Ms. Lauryn Hill,"August 10, 1998",100,7A,51,5:20,14,neo soul,R&B,The Miseducation of Lauryn Hill,54,4,0,50,20,0,-9,D minor,4
Slide,The Goo Goo Dolls,"September 1, 1998",112,4B,84,3:32,3,"neo mellow, permanent wave, pop rock, post-grunge",Rock,Dizzy up the Girl,40,0,0,48,0,0,-4,G#/Aâ™­,4
Never There,CAKE,"September 27, 1998",126,8A,74,2:44,19,alternative rock,Rock,Prolonging the Magic,76,4,8,59,0,0,-8,A minor,4
...Baby One More Time,Britney Spears,"September 28, 1998",93,5A,70,3:31,14,pop,Pop,...Baby One More Time (Digital Deluxe Version),76,20,0,91,0,40,-6,C minor,4
Believe,Cher,"October 19, 1998",133,2B,92,3:59,14,"dance pop, pop","Electronic, Pop",Believe,65,1,0,46,0,0,-7,F#/Gâ™­,4
Pretty Fly (For A White Guy),The Offspring,"November 1, 1998",143,10A,90,3:08,3,"punk, skate punk",Rock,Americana,72,9,0,96,10,0,-4,B minor,4
Why Don't You Get A Job,The Offspring,"November 1, 1998",,7B,88,2:52,3,"punk, skate punk",Rock,Americana,77,7,0,54,0,20,-4,F,4
No Scrubs,TLC,"February 2, 1999",93,1A,68,3:34,14,"atl hip hop, contemporary r&b, dance pop, girl group, hip pop, new jack swing, r&b, urban contemporary","Hip Hop, R&B, Electronic, Pop",Fanmail,74,3,0,59,10,0,-4,G#/Aâ™­ minor,4
She's so High,Tal Bachman,"February 13, 1999",124,11B,84,3:44,14,pop rock,"Pop, Rock",Tal Bachman,54,20,0,21,0,10,-5,A,4
My Own Worst Enemy,Lit,"February 23, 1999",103,12B,95,2:49,3,"alt metal, op punk, pop rock, socal pop punk",,A Place In The Sun,49,0,0,74,0,40,-3,E,4
Unpretty,TLC,"February 23, 1999",89,9B,62,4:38,14,"atl hip hop, contemporary r&b, dance pop, girl group, hip pop, new jack swing, r&b, urban contemporary","Hip Hop, R&B, Electronic, Pop",Fanmail,65,0,0,51,0,10,-6,G,4
What's My Age Again?,blink-182,"April 13, 1999",158,2B,95,2:28,14,"pop punk, punk, skate punk, rock, emo","Rock, Pop",Enema Of The State,39,1,0,47,0,0,-7,F#/Gâ™­,4
Scar Tissue,Red Hot Chili Peppers,"May 25, 1999",89,8B,72,3:35,14,"funk rock, alternative rock, rock","Rock, R&B",Californication (Deluxe Edition),60,8,0,55,0,10,-5,C,4
All The Small Things,blink-182,"June 1, 1999",149,8B,90,2:47,14,"pop punk, punk, skate punk, rock, emo","Rock, Pop",Enema Of The State,43,1,0,69,0,60,-5,C,4
Around the World,Red Hot Chili Peppers,"June 8, 1999",97,8B,96,3:58,14,"funk rock, alternative rock, rock","Rock, R&B",Californication (Deluxe Edition),50,0,57,77,10,0,-1,C,4
Otherside,Red Hot Chili Peppers,"June 8, 1999",123,8B,80,4:15,14,"funk rock, alternative rock, rock","Rock, R&B",Californication (Deluxe Edition),46,0,0,51,0,0,-3,C,4
Californication,Red Hot Chili Peppers,"June 8, 1999",96,8A,77,5:29,14,"funk rock, alternative rock, rock","Rock, R&B",Californication (Deluxe Edition),59,0,0,33,0,10,-3,A minor,4
Smooth (feat. Rob Thomas),"Santana, Rob Thomas","June 15, 1999",116,11B,92,4:54,14,"blues rock, classic rock, mexican classic rock, neo mellow, pop rock, post-grunge","Blues, Rock, Pop",Supernatural (Legacy Edition),61,16,0,96,0,30,-4,A,4
Genie In a Bottle,Christina Aguilera,"June 22, 1999",176,3B,80,3:37,14,"dance pop, pop","Electronic, Pop",Christina Aguilera (Expanded Edition),63,21,0,91,10,10,-7,Câ™¯/Dâ™­,4
Muscle Museum,Muse,"September 7, 1999",80,2B,53,4:22,19,"alternative rock, rock",Rock,Showbiz,45,1,0,37,0,0,-8,F#/Gâ™­,4
Yellow,Coldplay,"March 6, 2000",173,1B,66,4:26,20,"permanent wave, pop","Rock, Pop",Parachutes,43,0,0,28,0,20,-7,B,4
Absolutely (Story of a Girl) - Radio Mix,Nine Days,"March 21, 2000",96,9B,94,3:09,4,pop rock,"Pop, Rock",The Madding Crowd,48,0,0,66,0,0,-5,G,4
Oops!...I Did It Again,Britney Spears,"April 11, 2000",95,12A,83,3:31,4,pop,Pop,Oops!... I Did It Again,75,30,0,89,0,30,-5,Câ™¯/Dâ™­ minor,4
Pinch Me,Barenaked Ladies,"May 16, 2000",95,9B,86,4:45,4,"canadian pop, canadian rock, pop rock, post-grunge","Pop, Rock",Maroon,68,2,0,79,0,0,-4,G,4
If I Ever Feel Better,Phoenix,"June 1, 2000",120,11A,55,4:26,,indie,"Pop, Rock",United,76,5,1,84,10,0,-9,F#/Gâ™­ minor,4
Riding with the King,"Eric Clapton, B.B. King","June 13, 2000",204,11B,80,4:24,4,"blues rock, classic rock, classic blues, blues, soul blues","Blues, Rock, R&B",Riding with the King,46,38,0,82,0,30,-6,A,4
Teenage Dirtbag,Wheatus,"June 20, 2000",95,12B,84,4:01,4,pop rock,"Pop, Rock","Songs From Dawson's Creek, Vol. II",62,36,0,57,0,10,-4,E,4
I'm Like A Bird,Nelly Furtado,"September 25, 2000",90,6B,61,4:03,20,"canadian latin, canadian pop, dance pop, pop","Latin, Pop, Electronic","Whoa, Nelly! (Expanded Edition)",62,15,0,61,0,20,-5,A#/Bâ™­,4
Beautiful Day,U2,"October 9, 2000",136,10B,93,4:06,4,rock,Rock,All That You Can't Leave Behind,54,1,0,45,0,30,-6,D,4
Fell In Love With a Girl,The White Stripes,"January 21, 2001",96,9A,98,1:50,4,"garage rock, blues rock, rock, alternative rock","Rock, Blues",White Blood Cells,36,71,0,30,10,90,-2,E minor,4
Drops of Jupiter (Tell Me),Train,"January 29, 2001",79,8B,64,4:19,4,soft pop,Pop,Drops Of Jupiter,48,15,0,50,0,10,-6,C,4
Hash Pipe,Weezer,"April 1, 2001",126,9B,88,3:06,18,alternative rock,Rock,Weezer,58,0,46,63,0,20,-6,G,4
Lady Marmalade - Single Edit,"Christina Aguilera, Lil' Kim, MIA, P!nk","April 10, 2001",110,7B,81,4:27,4,"dance pop, pop, east coast hip hop, contemporary r&b, hip pop, r&b, urban contemporary","R&B, Electronic, Pop, Hip Hop",Lady Marmalade,75,2,0,64,0,60,-4,F,4
The Rock Show,blink-182,"May 7, 2001",193,11B,96,2:51,18,"pop punk, punk, skate punk, rock, emo","Rock, Pop",Take Off Your Pants And Jacket,41,0,0,83,0,0,-5,A,4
Island In The Sun,Weezer,"May 15, 2001",115,9A,81,3:20,18,alternative rock,Rock,Weezer,65,1,0,66,0,10,-6,E minor,4
Photograph,Weezer,"May 15, 2001",125,11B,90,2:19,18,alternative rock,Rock,Weezer,46,0,0,40,0,40,-5,A,4
First Date,blink-182,"June 12, 2001",96,8B,93,2:51,18,"pop punk, punk, skate punk, rock, emo","Rock, Pop",Take Off Your Pants And Jacket,58,0,0,88,0,10,-4,C,4
Over The Hills And Far Away,Nightwish,"June 25, 2001",102,9A,92,5:02,4,"symphonic metal, gothic metal, power metal, metal, folk metal, gothic rock","Folk, Metal, Rock",Over The Hills And Far Away,22,0,0,38,0,0,-3,E minor,3
We're Going to Be Friends,The White Stripes,"July 3, 2001",97,9B,44,2:20,4,"garage rock, blues rock, rock, alternative rock","Rock, Blues",White Blood Cells,53,66,0,44,0,0,-6,G,4
How You Remind Me,Nickelback,"July 11, 2001",172,6B,76,3:43,4,"post-grunge, rock",Rock,Silver Side Up,45,0,0,54,0,10,-5,A#/Bâ™­,4
The Middle,Jimmy Eat World,"July 24, 2001",162,10B,85,2:45,4,"emo, pop punk","Rock, Pop",Bleed American,64,4,0,90,0,0,-5,D,4
Sweetness,Jimmy Eat World,"July 24, 2001",135,7B,90,3:40,4,"emo, pop punk","Rock, Pop",Bleed American,49,0,0,60,0,20,-4,F,4
Short Skirt / Long Jacket,CAKE,"July 24, 2001",120,10B,81,3:24,20,alternative rock,Rock,Comfort Eagle,77,0,2,89,0,0,-10,D,4
Love You Madly,CAKE,"July 24, 2001",107,11B,70,3:57,20,alternative rock,Rock,Comfort Eagle,75,8,0,64,0,10,-12,A,4
Someday,The Strokes,"July 30, 2001",106,11B,52,3:03,18,"garage rock, indie rock, alternative rock",Rock,Is This It,54,0,0,68,0,30,-7,A,4
Last Nite,The Strokes,"July 30, 2001",104,8B,90,3:13,18,"garage rock, indie rock, alternative rock",Rock,Is This It,62,2,0,79,0,10,-6,C,4
You Rock My World,Michael Jackson,"August 22, 2001",95,9A,67,5:38,4,"r&b, soul","R&B, Blues",Invincible,85,4,0,96,10,20,-3,E minor,4
Blurry,Puddle Of Mudd,"August 28, 2001",157,2A,94,5:04,4,post-grunge,Rock,Come Clean,43,1,0,52,0,10,-5,D#/Eâ™­ minor,4
Hella Good,No Doubt,"December 11, 2001",115,4B,67,4:02,4,"dance pop, dance rock, permanent wave, pop rock, rock","Electronic, Pop, Rock",Rock Steady (Expanded Edition),77,1,1,84,0,0,-4,G#/Aâ™­,4
Underneath It All,"No Doubt, Lady Saw","December 11, 2001",138,12B,73,5:02,4,"dance pop, dance rock, permanent wave, pop rock, rock, dancehall, ragga, reggae, riddim, soca","Electronic, Pop, Rock, Reggae, Hip Hop, Latin",Rock Steady (Expanded Edition),73,24,0,84,0,30,-5,E,4
Don't Know Why,Norah Jones,"January 28, 2002",88,7B,20,3:06,4,jazz pop,"Jazz, Pop",Come Away With Me,73,88,0,62,0,0,-12,F,4
Soak Up The Sun,Sheryl Crow,"February 11, 2002",120,12B,73,4:52,4,"lilith, new wave pop, permanent wave, pop rock, singer-songwriter","Rock, Pop, Folk","C'Mon, C'Mon",72,4,0,71,0,10,-5,E,4
A Thousand Miles,Vanessa Carlton,"February 18, 2002",95,1B,83,3:57,4,"lilith, neo mellow, piano rock, pop rock, post-teen pop","Rock, Pop",Be Not Nobody,56,32,0,27,0,10,-4,B,4
Sk8er Boi,Avril Lavigne,"March 11, 2002",150,8B,90,3:24,4,"canadian pop, candy pop, dance pop, pop","Pop, Electronic",Let Go,49,0,0,48,0,30,-4,C,4
Hot In Herre,Nelly,"May 7, 2002",107,10A,74,3:48,4,"dance pop, gangster rap, hip hop, pop rap, rap, st louis rap, urban contemporary","Electronic, Pop, Hip Hop, R&B",Nellyville,96,20,0,91,10,0,-5,B minor,4
Complicated,Avril Lavigne,"June 4, 2002",78,7B,78,4:04,4,"canadian pop, candy pop, dance pop, pop","Pop, Electronic",Let Go,59,6,0,43,0,30,-6,F,4
By the Way,Red Hot Chili Peppers,"June 24, 2002",122,8B,97,3:36,18,"funk rock, alternative rock, rock","Rock, R&B",By the Way (Deluxe Edition),45,3,0,20,10,10,-5,C,4
This Love,Maroon 5,"June 25, 2002",95,4A,86,3:26,4,pop,Pop,Songs About Jane: 10th Anniversary Edition,71,5,0,81,0,0,-5,F minor,4
She Will Be Loved - Radio Mix,Maroon 5,"June 25, 2002",102,5A,66,4:19,4,pop,Pop,Songs About Jane: 10th Anniversary Edition,65,23,0,47,0,10,-6,C minor,4
Sunday Morning,Maroon 5,"June 25, 2002",88,8B,77,4:04,4,pop,Pop,Songs About Jane: 10th Anniversary Edition,61,9,0,81,0,0,-5,C,4
Can't Stop,Red Hot Chili Peppers,"July 9, 2002",91,11B,94,4:29,18,"funk rock, alternative rock, rock","Rock, R&B",By the Way (Deluxe Edition),62,2,0,88,0,10,-3,A,4
Do You Realize??,The Flaming Lips,"July 16, 2002",130,8B,80,3:33,4,neo-psychedelic,Rock,Yoshimi Battles the Pink Robots,46,1,0,55,0,30,-5,C,4
"Yoshimi Battles the Pink Robots, Pt. 1",The Flaming Lips,"July 16, 2002",156,8B,90,4:47,4,neo-psychedelic,Rock,Yoshimi Battles the Pink Robots,56,34,0,62,10,10,-8,C,4
The Scientist,Coldplay,"August 26, 2002",146,7B,44,5:09,20,"permanent wave, pop","Rock, Pop",A Rush of Blood to the Head,56,73,0,21,0,10,-7,F,4
Clocks,Coldplay,"August 26, 2002",131,4A,75,5:07,20,"permanent wave, pop","Rock, Pop",A Rush of Blood to the Head,58,60,1,26,0,10,-7,F minor,4
No One Knows,Queens of the Stone Age,"August 27, 2002",171,8B,59,4:38,15,"stoner rock, alternative rock",Rock,Songs For The Deaf,51,4,0,64,0,30,-5,C,4
All The Things She Said,t.A.T.u.,"September 9, 2002",180,4A,83,3:34,15,"dance pop, europop, girl group","Electronic, Pop",200 KM/H In The Wrong Lane (10th Anniversary Edition),53,4,1,38,0,10,-6,F minor,4
The Anthem,Good Charlotte,"October 1, 2002",178,3B,94,2:55,15,"pop punk, punk, emo","Rock, Pop",The Young and The Hopeless,49,1,0,89,10,10,-3,Câ™¯/Dâ™­,4
Fighter,Christina Aguilera,"October 22, 2002",189,9A,92,4:05,15,"dance pop, pop","Electronic, Pop",Stripped,44,24,0,45,20,50,-1,E minor,4
Get Low,"Lil Jon & The East Side Boyz, Ying Yang Twins","October 29, 2002",101,3B,63,5:34,15,"crunk, southern hip hop",,Kings Of Crunk,52,3,0,14,0,10,-7,Câ™¯/Dâ™­,4
Don't Dream It's Over,Sixpence None The Richer,"October 29, 2002",81,7B,65,4:03,15,"lilith, pop rock","Rock, Pop",Divine Discontent,55,6,0,44,0,0,-8,F,4
In the City,Milton,"January 1, 2003",94,6B,85,4:39,15,,,Scenes From the Interior,69,38,0,88,0,10,-6,A#/Bâ™­,4
Such Great Heights,The Postal Service,"January 21, 2003",175,7B,82,4:26,15,"chamber pop, indie rock, indietronica, seattle indie",Rock,Give Up,65,1,23,20,0,0,-8,F,4
Unwell,Matchbox Twenty,"February 3, 2003",81,11A,79,3:48,15,post-grunge,Rock,More Than You Think You Are,26,3,0,43,0,70,-5,F#/Gâ™­ minor,4
Seven Nation Army,The White Stripes,"February 17, 2003",124,8B,46,3:51,15,"garage rock, blues rock, rock, alternative rock","Rock, Blues",Elephant,73,1,45,32,0,20,-8,C,4
Bring Me To Life,Evanescence,"March 4, 2003",95,9A,94,3:55,15,alternative metal,,Fallen,33,1,0,30,0,20,-3,E minor,4
Where Is The Love?,Black Eyed Peas,"May 12, 2003",94,7B,70,4:32,15,"dance pop, pop, pop rap","Electronic, Pop, Hip Hop",Elephunk,83,11,0,80,20,10,-3,F,4
Stacy's Mom,Fountains Of Wayne,"May 19, 2003",118,10A,75,3:17,15,power pop,,Welcome Interstate Managers,77,0,0,93,0,0,-5,B minor,4
Mexican Wine,Fountains Of Wayne,"June 10, 2003",98,3B,72,3:22,15,power pop,,Welcome Interstate Managers,50,0,0,31,0,10,-6,Câ™¯/Dâ™­,4
Hackensack,Fountains Of Wayne,"June 10, 2003",117,5B,52,3:00,15,power pop,,Welcome Interstate Managers,68,54,0,70,0,10,-10,D#/Eâ™­,4
Hey Julie,Fountains Of Wayne,"June 10, 2003",137,9B,55,2:36,15,power pop,,Welcome Interstate Managers,74,39,0,98,0,0,-6,G,4
Skills,Gang Starr,"June 24, 2003",100,4A,70,3:20,15,"east coast hip hop, old school hip hop, hip hop, boom bap",Hip Hop,The Ownerz,87,5,0,94,20,20,-5,F minor,4
Stockholm Syndrome,Muse,"July 14, 2003",128,10B,98,4:56,20,"alternative rock, rock",Rock,Absolution,41,0,1,10,0,10,-3,D,4
Fall Back Down,Rancid,"July 22, 2003",104,12B,99,3:43,15,"punk, ska punk, ska, skate punk, hardcore punk",,Indestructible,53,0,0,50,0,10,-1,E,4
Ocean Avenue,Yellowcard,"July 22, 2003",174,11A,90,3:18,15,"pop punk, punk, emo","Rock, Pop",Ocean Avenue,49,0,0,79,0,0,-4,F#/Gâ™­ minor,4
Are You Gonna Be My Girl,Jet,"August 18, 2003",105,10B,96,3:33,15,"garage rock, modern rock, pop rock","Rock, Pop",Get Born,61,0,0,60,0,10,-3,D,4
Hey Ya!,Outkast,"August 25, 2003",80,9A,97,3:55,15,"southern hip hop, hip hop",Hip Hop,Speakerboxxx/The Love Below,73,10,0,97,0,10,-2,E minor,4
The Chimbley Sweep,The Decemberists,"September 3, 2003",109,2B,66,2:53,15,"baroque pop, indie folk",,Her Majesty The Decemberists,44,2,0,84,0,0,-7,F#/Gâ™­,4
Time is Running Out,Muse,"September 8, 2003",118,8A,84,3:57,18,"alternative rock, rock",Rock,Absolution,59,0,1,43,0,0,-6,A minor,4
Thoughts of a Dying Atheist,Muse,"September 22, 2003",179,5B,95,3:07,18,"alternative rock, rock",Rock,Absolution,26,0,9,43,0,20,-5,D#/Eâ™­,4
Hysteria,Muse,"September 22, 2003",93,8A,92,3:47,18,"alternative rock, rock",Rock,Absolution,41,0,0,46,0,10,-5,A minor,4
Stay Or Leave,Dave Matthews,"September 23, 2003",97,10B,39,4:00,15,jam band,,Some Devil,37,73,0,34,0,10,-10,D,3
Mr. Brightside,The Killers,"September 29, 2003",148,3B,91,3:42,15,alternative rock,Rock,Hot Fuss,35,0,0,24,0,10,-5,Câ™¯/Dâ™­,4
The Sound of Settling,Death Cab for Cutie,"October 7, 2003",175,2B,76,2:12,15,"alternative rock, canadian indie, chamber pop, indie rock, indietronica, modern alternative rock, modern rock, seattle indie, washington indie",Rock,Transatlanticism,42,1,0,78,0,20,-7,F#/Gâ™­,4
Collide,Howie Day,"October 7, 2003",94,1B,63,4:09,15,"acoustic pop, neo mellow, pop rock","Pop, Rock",Stop All The World Now,64,22,0,34,0,10,-8,B,4
Reptilia,The Strokes,"October 28, 2003",158,11B,65,3:39,15,"garage rock, indie rock, alternative rock",Rock,Room On Fire,49,0,71,77,0,10,-5,A,4
Toxic,Britney Spears,"November 1, 2003",143,4A,84,3:18,15,pop,Pop,In The Zone,77,2,3,92,10,20,-4,F minor,4
100 Years,Five For Fighting,"November 17, 2003",121,9B,57,4:04,15,"neo mellow, piano rock, pop rock, soft pop","Pop, Rock",The Battle for Everything,64,54,0,28,0,10,-7,G,4
I Miss You,blink-182,"November 18, 2003",110,1B,71,3:47,18,"pop punk, punk, skate punk, rock, emo","Rock, Pop",blink-182,42,0,0,59,0,0,-8,B,4
The Reason,Hoobastank,"December 9, 2003",83,12B,67,3:52,15,nu metal,,The Reason (15th Anniversary Deluxe),47,1,0,7,0,10,-5,E,4
Yeah! (feat. Lil Jon & Ludacris),"USHER, Lil Jon, Ludacris","January 10, 2004",105,10B,79,4:10,20,"r&b, crunk, southern hip hop",,Confessions (Expanded Edition),89,2,0,58,10,0,-5,D,4
Take Me Out,Franz Ferdinand,"January 12, 2004",105,9A,66,3:57,15,indie rock,Rock,Franz Ferdinand,28,0,0,53,0,10,-9,E minor,4
Somewhere Only We Know,Keane,"February 16, 2004",172,11B,66,3:56,15,"neo mellow, piano rock, pop rock","Pop, Rock",Hopes And Fears,45,8,0,37,0,0,-4,A,4
Leave (Get Out),JoJo,"February 24, 2004",87,7B,56,4:02,20,"Electronic, Pop",JoJo,,70,16,0,46,20,0,-7,F,4
Somebody Told Me,The Killers,"March 15, 2004",138,3A,97,3:17,16,alternative rock,Rock,Hot Fuss,50,0,0,69,0,10,-5,A#/Bâ™­ minor,4
Gasolina,Daddy Yankee,"April 26, 2004",96,8B,80,3:12,16,"reggaeton, latin",,Barrio Fino (Bonus Track Version),85,32,0,74,0,0,-7,C,4
My Happy Ending,Avril Lavigne,"May 19, 2004",170,10B,94,4:02,16,"canadian pop, candy pop, dance pop, pop","Electronic, Pop",Under My Skin,41,0,0,74,0,30,-2,D,4
Smile Like You Mean It,The Killers,"June 7, 2004",125,2A,97,3:54,16,alternative rock,Rock,Hot Fuss,35,0,1,38,10,20,-4,D#/Eâ™­ minor,4
All These Things That I've Done,The Killers,"June 7, 2004",118,2B,70,5:01,16,alternative rock,Rock,Hot Fuss,54,0,0,21,0,10,-7,F#/Gâ™­,4
I'm Not Okay (I Promise),My Chemical Romance,"June 8, 2004",180,11B,94,3:06,16,"emo, pop punk","Rock, Pop",Three Cheers for Sweet Revenge,21,1,0,26,10,20,-3,A,4
1985,Bowling For Soup,"July 27, 2004",120,12B,88,3:13,16,"pop punk, punk","Pop, Rock",A Hangover You Don't Deserve,61,0,0,85,0,30,-4,E,4
A Love That Will Last,Renee Olstead,"August 3, 2004",82,10A,30,3:32,16,"vocal jazz, jazz pop, smooth jazz, jazz",,Renee Olstead,67,84,0,34,0,10,-11,B minor,4
American Idiot,Green Day,"August 6, 2004",186,3B,98,2:54,18,"punk, pop punk","Pop, Rock",American Idiot (Deluxe),38,0,0,81,0,20,-2,Câ™¯/Dâ™­,4
These Words,Natasha Bedingfield,"August 16, 2004",97,7B,64,3:36,16,"dance pop, pop, post-teen pop","Electronic, Pop",Unwritten,73,3,0,93,0,0,-7,F,4
Unwritten,Natasha Bedingfield,"September 6, 2004",100,7B,80,4:19,16,"dance pop, pop, post-teen pop","Electronic, Pop",Unwritten,71,1,0,63,0,0,-6,F,4
Holiday / Boulevard of Broken Dreams,Green Day,"September 21, 2004",167,4B,83,8:13,18,"punk, pop punk","Pop, Rock",American Idiot (Deluxe),29,0,0,45,0,30,-3,G#/Aâ™­,4
Wake Me up When September Ends,Green Day,"September 21, 2004",105,9B,81,4:45,18,"punk, pop punk","Pop, Rock",American Idiot (Deluxe),55,2,0,15,0,10,-5,G,4
Boulevard of Broken Dreams,Green Day,"September 21, 2004",167,4B,58,4:20,,"punk, pop punk","Pop, Rock",American Idiot (20th Anniversary Deluxe Edition),51,0,0,61,0,0,-8,G#/Aâ™­,4
Holiday,Green Day,"September 21, 2004",147,4B,89,3:52,,"punk, pop punk","Pop, Rock",Greatest Hits: God's Favorite Band,55,0,0,72,0,80,-3,G#/Aâ™­,4
Reach For The Sky,Social Distortion,"September 27, 2004",123,3B,98,3:31,16,"punk, skate punk, ska punk, psychobilly","Rock, Reggae","Sex, Love And Rock 'N' Roll",44,0,0,41,0,30,-3,Câ™¯/Dâ™­,4
Predictable,Good Charlotte,"September 27, 2004",168,1B,89,3:11,16,"pop punk, punk, emo","Rock, Pop",The Chronicles of Life and Death ( LIFE  version),44,1,0,70,10,10,-5,B,4
"1, 2 Step (feat. Missy Elliott)","Ciara, Missy Elliott","September 28, 2004",113,4A,51,3:23,16,"dance pop, hip pop, pop, r&b, urban contemporary, hip hop","Electronic, Pop, Hip Hop",Goodies,94,4,0,84,10,0,-11,F minor,4
Breathe (2 AM),Anna Nalick,"November 1, 2004",170,10B,45,4:39,16,"acoustic pop, ectofolk, lilith, neo mellow","Folk, Pop, Rock",Wreck of the Day,39,42,0,29,0,0,-8,D,3
Hollaback Girl,Gwen Stefani,"November 12, 2004",110,3A,92,3:19,16,"dance pop, pop","Electronic, Pop",Love Angel Music Baby,92,34,0,88,10,0,-2,A#/Bâ™­ minor,4
Suddenly I See,KT Tunstall,"December 13, 2004",100,8B,77,3:21,16,"ectofolk, lilith, neo mellow, pop rock, scottish singer-songwriter","Rock, Pop",Eye To The Telescope,59,23,0,66,0,10,-6,C,4
Black Horse And The Cherry Tree,KT Tunstall,"December 13, 2004",105,9A,79,2:52,16,"ectofolk, lilith, neo mellow, pop rock, scottish singer-songwriter","Rock, Pop",Eye To The Telescope,75,33,0,92,0,30,-8,E minor,4
Kissing Families,Silversun Pickups,"January 1, 2005",117,12A,67,4:50,16,"alternative rock, indie rock, la indie, modern alternative rock, modern rock",Rock,Pikul,60,24,43,30,0,10,-8,Câ™¯/Dâ™­ minor,4
Bad Day,Daniel Powter,"January 9, 2005",140,5B,79,3:53,16,"canadian pop, neo mellow, pop rock","Pop, Rock",Daniel Powter,60,45,0,52,0,10,-4,D#/Eâ™­,4
Hey There Delilah,Plain White T's,"January 25, 2005",104,10B,29,3:52,16,"modern rock, neo mellow, neon pop punk, pop punk, pop rock","Rock, Pop",All That We Needed,66,87,0,30,0,10,-11,D,4
You And Me,Lifehouse,"January 28, 2005",140,9B,43,3:15,16,post-grunge,Rock,Lifehouse,46,11,0,35,0,10,-8,G,3
"Sugar, We're Goin Down",Fall Out Boy,"April 4, 2005",162,9B,84,3:49,16,"emo, pop punk","Rock, Pop",From Under The Cork Tree,49,1,0,57,0,10,-5,G,4
Don't Cha,"The Pussycat Dolls, Busta Rhymes","April 19, 2005",120,3B,64,4:32,16,"dance pop, girl group, pop, east coast hip hop","Electronic, Pop, Hip Hop",PCD,88,1,0,57,0,10,-3,Câ™¯/Dâ™­,4
Speed of Sound,Coldplay,"April 19, 2005",123,10A,90,4:47,20,"permanent wave, pop","Rock, Pop",X&Y,51,0,3,35,0,0,-7,B minor,4
"Dance, Dance",Fall Out Boy,"May 3, 2005",114,10A,96,3:00,16,"emo, pop punk","Rock, Pop",From Under The Cork Tree,62,1,0,45,10,0,-3,B minor,4
Beverly Hills,Weezer,"May 10, 2005",88,7B,82,3:16,18,alternative rock,Rock,Make Believe,69,9,0,74,0,30,-4,F,4
Perfect Situation,Weezer,"May 10, 2005",94,2B,81,4:14,18,alternative rock,Rock,Make Believe,47,3,0,40,0,20,-4,F#/Gâ™­,4
We Are All On Drugs,Weezer,"May 10, 2005",118,4B,86,3:34,18,alternative rock,Rock,Make Believe,56,0,0,32,0,0,-3,G#/Aâ™­,4
My Humps,Black Eyed Peas,"May 25, 2005",124,12A,68,5:26,16,"dance pop, pop, pop rap","Electronic, Pop, Hip Hop",Monkey Business,80,11,0,59,20,10,-6,Câ™¯/Dâ™­ minor,4
Best of You,Foo Fighters,"May 30, 2005",130,12A,94,4:15,16,"post-grunge, rock, alternative rock, grunge",Rock,In Your Honor,37,0,0,37,0,10,-5,Câ™¯/Dâ™­ minor,4
Pump It,Black Eyed Peas,"June 5, 2005",154,12A,93,3:33,16,"dance pop, pop, pop rap","Electronic, Pop, Hip Hop",Monkey Business,65,1,0,74,10,70,-3,Câ™¯/Dâ™­ minor,4
Dirty Little Secret,The All-American Rejects,"June 6, 2005",144,6B,95,3:13,16,"pop punk, emo","Rock, Pop",Move Along,47,0,0,46,0,50,-4,A#/Bâ™­,4
Fix You,Coldplay,"June 6, 2005",138,5B,42,4:55,20,"permanent wave, pop","Rock, Pop",X&Y,21,16,0,12,0,10,-9,D#/Eâ™­,4
My Doorbell,The White Stripes,"June 7, 2005",97,4B,66,4:01,16,"garage rock, blues rock, rock, alternative rock","Rock, Blues",Get Behind Me Satan,61,30,1,82,0,10,-10,G#/Aâ™­,4
The Denial Twist,The White Stripes,"June 7, 2005",90,3A,76,2:35,16,"garage rock, blues rock, rock, alternative rock","Rock, Blues",Get Behind Me Satan,52,33,0,73,10,10,-8,A#/Bâ™­ minor,4
Move Along,The All-American Rejects,"July 12, 2005",110,5B,92,3:58,16,"pop punk, emo","Rock, Pop",Move Along,52,0,0,65,0,20,-4,D#/Eâ™­,4
It Ends Tonight,The All-American Rejects,"July 12, 2005",88,8B,64,4:04,16,"pop punk, emo","Rock, Pop",Move Along,45,0,0,31,0,10,-5,C,4
The Mixed Tape - 2015 Remaster,Jack's Mannequin,"July 19, 2005",101,3B,88,3:14,17,pop punk,"Pop, Rock",Everything In Transit,41,7,0,36,0,10,-4,Câ™¯/Dâ™­,4
Bruised - 2015 Remaster,Jack's Mannequin,"August 23, 2005",136,5B,92,4:02,17,pop punk,"Pop, Rock",Everything In Transit,48,1,0,36,0,10,-5,D#/Eâ™­,4
Here It Goes Again,OK Go,"August 30, 2005",146,8B,88,2:59,17,"chicago indie, modern rock, permanent wave",Rock,Oh No,54,0,0,81,0,10,-2,C,4
Buttons,The Pussycat Dolls,"September 12, 2005",211,10B,82,3:45,17,"dance pop, girl group, pop",,PCD,57,18,0,41,20,20,-4,D,4
How to Save a Life,The Fray,"September 13, 2005",122,6B,74,4:22,17,"neo mellow, piano rock, pop, pop rock","Pop, Rock",How To Save A Life,64,27,0,36,0,10,-4,A#/Bâ™­,4
Over My Head (Cable Car),The Fray,"September 13, 2005",116,4B,73,3:56,17,"neo mellow, piano rock, pop, pop rock","Pop, Rock",How To Save A Life,59,2,0,71,0,0,-4,G#/Aâ™­,4
Hips Don't Lie (feat. Wyclef Jean),"Shakira, Wyclef Jean","November 28, 2005",100,3A,82,3:38,17,"latin pop, rap kreyol",,"Oral Fixation, Vol. 2 (Expanded Edition)",78,28,0,76,0,40,-6,A#/Bâ™­ minor,4
SOS,Rihanna,"February 13, 2006",137,9B,67,3:58,17,"barbadian pop, pop, urban contemporary",,A Girl Like Me,68,0,0,53,0,40,-5,G,4
Dani California,Red Hot Chili Peppers,"April 3, 2006",96,8B,91,4:42,18,"funk rock, alternative rock, rock","Rock, R&B",Stadium Arcadium,56,2,0,73,0,30,-2,C,4
Promiscuous,"Nelly Furtado, Timbaland","April 25, 2006",114,3A,97,4:02,17,"canadian latin, canadian pop, dance pop, pop, pop rap",,Loose,81,6,0,87,0,10,-6,A#/Bâ™­ minor,4
Chasing Cars,Snow Patrol,"April 28, 2006",104,11B,59,4:27,17,"irish rock, modern rock, neo mellow, permanent wave, pop rock","Rock, Pop",Eyes Open,56,21,0,14,0,10,-5,A,4
Snow (Hey Oh),Red Hot Chili Peppers,"May 5, 2006",105,1B,90,5:34,18,"funk rock, alternative rock, rock","Rock, R&B",Stadium Arcadium,43,12,0,60,0,10,-4,B,4
Maneater,Nelly Furtado,"May 26, 2006",133,2B,78,4:18,17,"canadian latin, canadian pop, dance pop, pop",,Loose,80,3,0,79,0,10,-5,F#/Gâ™­,4
Say It Right,Nelly Furtado,"June 7, 2006",117,3B,87,3:43,20,"canadian latin, canadian pop, dance pop, pop",Loose,1/1/2006,87,5,0,81,10,0,-6,Câ™¯/Dâ™­,4
Supermassive Black Hole,Muse,"June 19, 2006",120,9B,92,3:32,18,"alternative rock, rock",Rock,Black Holes and Revelations,67,5,1,78,0,0,-4,G,4
Starlight,Muse,"July 3, 2006",122,12B,87,4:00,18,"alternative rock, rock",Rock,Black Holes and Revelations,55,0,0,32,0,20,-4,E,4
Knights of Cydonia,Muse,"July 3, 2006",137,10A,96,6:06,20,"alternative rock, rock",Rock,Black Holes and Revelations,37,0,1,21,10,10,-5,B minor,4
Exo-Politics,Muse,"July 3, 2006",123,8B,93,3:53,20,"alternative rock, rock",Rock,Black Holes and Revelations,60,0,0,61,0,0,-4,C,4
Lazy Eye,Silversun Pickups,"July 25, 2006",127,12B,83,5:54,17,"alternative rock, indie rock, la indie, modern alternative rock, modern rock","Rock, Pop",Carnavas,63,4,69,24,0,10,-5,E,4
Here (In Your Arms),Hellogoodbye,"August 8, 2006",126,7B,61,4:00,17,"neon pop punk, pop punk","Pop, Rock",Zombies! Aliens! Vampires! Dinosaurs!,70,20,0,77,0,20,-7,F,4
Young Folks,Peter Bjorn and John,"August 14, 2006",138,8B,81,4:36,17,indie,"Pop, Rock",Writer's Block,70,2,0,66,0,10,-6,C,4
Chelsea Dagger,The Fratellis,"August 28, 2006",155,9B,82,3:35,17,"garage rock, modern rock, scottish rock",Rock,Costello Music,51,5,0,55,10,0,-3,G,4
I Don't Love You,My Chemical Romance,"September 12, 2006",170,8B,80,3:58,17,"emo, pop punk","Rock, Pop",The Black Parade,29,1,0,33,0,20,-4,C,4
Big Girls Don't Cry (Personal),Fergie,"September 13, 2006",113,9B,64,4:28,17,"dance pop, pop",,The Dutchess,71,21,0,25,0,0,-4,G,4
Fergalicious,"Fergie, will.i.am","September 13, 2006",129,1A,58,4:52,17,"dance pop, pop",,The Dutchess,91,6,0,83,30,10,-8,G#/Aâ™­ minor,4
When You Were Young,The Killers,"September 18, 2006",130,1B,99,3:40,17,alternative rock,Rock,Sam's Town,47,0,5,32,10,20,-3,B,4
For Reasons Unknown,The Killers,"September 27, 2006",140,5B,88,3:32,17,alternative rock,Rock,Sam's Town,50,0,4,52,0,10,-4,D#/Eâ™­,4
Read My Mind,The Killers,"September 27, 2006",132,3B,92,4:06,17,alternative rock,Rock,Sam's Town,54,1,0,33,0,10,-3,Câ™¯/Dâ™­,4
Bones,The Killers,"September 27, 2006",140,11B,90,3:47,17,alternative rock,Rock,Sam's Town,47,0,12,57,0,0,-4,A,4
Rehab,Amy Winehouse,"October 23, 2006",72,8B,87,3:33,17,"british soul, neo soul",,Back To Black,43,5,0,73,0,40,-3,C,4
Welcome to the Black Parade,My Chemical Romance,"October 23, 2006",97,10B,91,5:11,17,"emo, pop punk","Rock, Pop",The Black Parade,22,0,0,24,0,20,-4,D,4
Teenagers,My Chemical Romance,"October 23, 2006",112,12B,86,2:41,17,"emo, pop punk","Rock, Pop",The Black Parade,46,5,0,86,0,10,-3,E,4
Back To Black,Amy Winehouse,"October 27, 2006",123,6B,73,4:00,17,"british soul, neo soul",,Back To Black,49,12,0,34,0,10,-3,A#/Bâ™­,4
Boys Wanna Be Her,Peaches,"November 6, 2006",139,10B,51,3:55,17,"electroclash, riot grrrl, queercore",,Impeach My Bush,77,14,0,72,0,0,-4,D,4
I Am Not My Hair,India.Arie,"November 15, 2006",98,6A,51,3:49,17,neo soul,,I Am Not My Hair,84,2,0,57,20,30,-9,G minor,4
Feels Like Tonight,Daughtry,"November 21, 2006",131,2B,90,3:58,17,post-grunge,,Daughtry (Deluxe Edition),48,0,0,35,0,10,-3,F#/Gâ™­,4
The Sweet Escape,"Gwen Stefani, Akon","December 1, 2006",120,3B,77,4:06,17,"dance pop, pop",,The Sweet Escape,76,19,0,73,0,10,-4,Câ™¯/Dâ™­,4
Count to Ten,Tina Dico,"January 1, 2007",108,10A,33,4:38,19,"trip hop, downtempo","Electronic, Hip Hop",Count To Ten,66,91,1,29,0,40,-11,B minor,4
Thnks fr th Mmrs,Fall Out Boy,"February 6, 2007",155,3A,89,3:23,19,"emo, pop punk","Rock, Pop",Infinity On High,46,1,0,59,0,10,-5,A#/Bâ™­ minor,4
Girlfriend,Avril Lavigne,"February 27, 2007",164,9B,96,3:36,19,"canadian pop, candy pop, dance pop, pop","Pop, Electronic",The Best Damn Thing (Expanded Edition),56,0,0,67,10,20,-2,G,4
When Did Your Heart Go Missing?,Rooney,"March 6, 2007",176,8A,93,3:33,19,modern power pop,"Pop, Rock",Calling The World,60,0,0,97,0,0,-4,A minor,4
Umbrella,"Rihanna, JAY-Z","March 29, 2007",174,3B,83,4:35,19,"barbadian pop, pop, urban contemporary, hip hop, east coast hip hop, rap","Pop, Hip Hop, R&B",Good Girl Gone Bad,59,1,0,58,10,0,-5,Câ™¯/Dâ™­,4
Fluorescent Adolescent,Arctic Monkeys,"April 18, 2007",112,11A,81,2:53,,"indie, garage rock","Rock, Pop",Favourite Worst Nightmare (Standard Version),65,0,0,82,0,10,-5,F#/Gâ™­ minor,4
Crank That (Soulja Boy),Soulja Boy,"May 2, 2007",140,8B,74,3:41,20,"atl hip hop, chicago bop, dance pop, pop rap, rap, southern hip hop, trap",,souljaboytellem.com,73,51,0,80,0,0,-2,C,4
Bubbly,Colbie Caillat,"May 15, 2007",128,11B,47,3:16,19,"dance pop, neo mellow, pop","Electronic, Pop",Coco,70,60,0,25,0,10,-7,A,4
Won't Go Home Without You,Maroon 5,"May 16, 2007",110,5B,61,3:51,19,pop,Pop,It Won't Be Soon Before Long.,74,2,0,41,0,10,-4,D#/Eâ™­,4
Don't Stop The Music,Rihanna,"May 31, 2007",123,11A,67,4:27,19,"barbadian pop, pop, urban contemporary","Pop, Hip Hop, R&B",Good Girl Gone Bad,83,3,0,55,0,0,-6,F#/Gâ™­ minor,4
Shut Up And Drive,Rihanna,"May 31, 2007",133,3B,83,3:32,19,"barbadian pop, pop, urban contemporary","Pop, Hip Hop, R&B",Good Girl Gone Bad,73,0,13,74,0,20,-5,Câ™¯/Dâ™­,4
That's What You Get,Paramore,"June 12, 2007",131,4B,83,3:40,19,"pop punk, emo","Rock, Pop",Riot!,53,0,0,63,0,10,-4,G#/Aâ™­,3
Lip Gloss,Lil Mama,"June 19, 2007",189,10B,87,3:39,19,"hip pop, trap queen","Hip Hop, Pop",Lip Gloss (Main Version),62,41,0,94,50,0,-5,D,4
Pictures Of You,The Last Goodnight,"June 25, 2007",208,10B,82,3:10,19,"neo mellow, pop rock","Pop, Rock",Pictures Of You,33,17,0,58,0,0,-4,D,4
This Is The Life,Amy Macdonald,"July 30, 2007",95,12A,88,3:04,19,scottish singer-songwriter,Folk,This Is The Life (eDeluxe),63,26,0,85,0,0,-5,Câ™¯/Dâ™­ minor,4
Not Crying,Flight of the Conchords,"August 7, 2007",153,8B,25,3:24,19,comedy,Pop,The Distant Future,57,90,0,15,10,10,-12,C,4
The Most Beautiful Girl (In The Room),Flight of the Conchords,"August 7, 2007",144,11B,50,4:02,19,comedy,Pop,Flight Of The Conchords,82,61,0,72,20,10,-10,A,4
Come On Get Higher,Matt Nathanson,"August 14, 2007",92,11B,62,3:35,19,"acoustic pop, neo mellow, pop rock","Folk, Pop, Rock",Some Mad Hope,67,24,0,62,0,0,-6,A,4
How Far We've Come,Matchbox Twenty,"September 4, 2007",83,8B,91,3:32,19,post-grunge,Rock,Exile on Mainstream,57,0,0,79,0,20,-5,C,4
Apologize,OneRepublic,"September 11, 2007",118,4B,74,3:28,19,"piano rock, pop, soft pop","Rock, Pop",Dreaming Out Loud,59,36,0,50,0,10,-6,G#/Aâ™­,4
Bleeding Love,Leona Lewis,"September 16, 2007",104,7B,66,4:22,19,"british soul, dance pop, pop, talent show","R&B, Electronic, Pop",Spirit,64,19,0,23,0,10,-6,F,4
"Dear Maria, Count Me In",All Time Low,"September 25, 2007",181,10B,90,3:02,19,"pop punk, emo, punk","Rock, Pop","So Wrong, It's Right",46,1,0,57,0,20,-3,D,4
Time to Pretend,MGMT,"October 2, 2007",101,10B,94,4:21,19,indie,"Pop, Rock",Oracular Spectacular,44,0,8,42,0,30,-3,D,3
Kids,MGMT,"October 2, 2007",123,11B,93,5:02,19,indie,"Pop, Rock",Oracular Spectacular,45,0,0,17,0,30,-4,A,4
"Check Yes, Juliet",We The Kings,"October 2, 2007",167,9B,91,3:40,19,pop punk,"Pop, Rock",We The Kings,35,0,0,35,0,10,-4,G,4
No One,Alicia Keys,"October 9, 2007",90,12A,55,4:13,19,"r&b, neo soul",R&B,As I Am (Expanded Edition),64,2,0,17,0,10,-5,Câ™¯/Dâ™­ minor,4
Valerie (feat. Amy Winehouse),"Mark Ronson, Amy Winehouse","October 15, 2007",106,3B,84,3:39,19,"pop soul, british soul, neo soul","R&B, Pop",Version,70,0,0,90,0,10,-5,Câ™¯/Dâ™­,4
New Soul,Yael Naim,"October 22, 2007",100,8B,37,3:45,19,folk-pop,"Folk, Pop",Yael NaÃ¯m,77,73,0,65,0,10,-9,C,4
Better in Time,Leona Lewis,"November 9, 2007",164,2B,70,3:54,19,"british soul, dance pop, pop, talent show","R&B, Electronic, Pop",Spirit,58,51,0,55,0,10,-4,F#/Gâ™­,4
Stop And Stare,OneRepublic,"November 20, 2007",92,12B,86,3:43,19,"piano rock, pop, soft pop","Rock, Pop",Dreaming Out Loud,49,7,0,25,0,0,-4,E,4
Pocketful of Sunshine,Natasha Bedingfield,"January 15, 2008",110,8A,88,3:22,19,"dance pop, pop, post-teen pop","Electronic, Pop",Pocketful Of Sunshine,72,19,0,66,0,0,-4,A minor,4
A-Punk,Vampire Weekend,"January 29, 2008",175,10B,82,2:17,20,"indie, baroque pop","Classical, Pop, Rock",Vampire Weekend,55,1,4,85,0,10,-4,D,4
Oxford Comma,Vampire Weekend,"January 29, 2008",120,8B,72,3:15,20,"indie, baroque pop","Classical, Pop, Rock",Vampire Weekend,69,11,0,97,0,0,-4,C,4
M79,Vampire Weekend,"January 29, 2008",113,9B,60,4:15,20,"indie, baroque pop","Classical, Pop, Rock",Vampire Weekend,77,14,0,95,0,20,-7,G,4
In One Ear,Cage The Elephant,"March 17, 2008",166,12A,95,4:01,18,"modern alternative rock, modern rock, pov: indie, punk blues, rock","Rock, Blues",Cage The Elephant (Expanded Edition),33,0,0,36,0,30,-4,Câ™¯/Dâ™­ minor,4
Take A Bow,Rihanna,"April 15, 2008",80,11B,47,3:49,19,"barbadian pop, pop, urban contemporary","Pop, Hip Hop, R&B",Good Girl Gone Bad: Reloaded,52,25,0,56,10,0,-8,A,4
Pork And Beans,Weezer,"April 22, 2008",120,2B,62,3:09,20,alternative rock,Rock,Weezer,60,1,0,71,0,10,-7,F#/Gâ™­,4
I Kissed A Girl,Katy Perry,"April 28, 2008",130,7B,76,2:59,19,pop,Pop,One Of The Boys,70,0,0,70,0,10,-3,F,4
One Day,Matisyahu,"April 29, 2008",69,8B,61,3:27,19,"reggae, reggae rock, christian reggae","Christian, Reggae, Rock",Light,35,20,0,24,10,10,-6,C,4
Show Me What I'm Looking For,Carolina Liar,"May 3, 2008",105,8A,86,4:00,19,modern alternative rock,Rock,Coming To Terms,45,1,0,36,0,10,-1,A minor,4
That's Not My Name,The Ting Tings,"May 7, 2008",145,11B,90,5:10,19,alternative dance,"Electronic, Pop, Rock",We Started Nothing,76,5,4,96,0,30,-3,A,4
"OK, It's Alright with Me",Eric Hutchinson,"May 20, 2008",74,8B,60,2:31,19,"acoustic pop, neo mellow","Folk, Pop",Sounds Like This,53,34,0,67,0,0,-5,C,4
Viva La Vida,Coldplay,"May 26, 2008",138,4A,62,4:02,18,"permanent wave, pop","Rock, Pop",Viva La Vida or Death and All His Friends,49,10,0,42,0,10,-7,F minor,4
Troublemaker,Weezer,"June 3, 2008",131,4B,74,2:44,20,alternative rock,Rock,Weezer,65,2,0,82,0,10,-8,G#/Aâ™­,4
"You're Gonna Go Far, Kid",The Offspring,"June 11, 2008",126,8B,92,2:57,20,"punk, skate punk",Rock,"Rise And Fall, Rage And Grace",55,0,0,60,0,20,-3,C,4
Ain't No Rest for the Wicked,Cage The Elephant,"June 16, 2008",156,8B,85,2:55,18,"modern alternative rock, modern rock, pov: indie, punk blues, rock","Rock, Blues",Cage The Elephant,63,4,0,92,10,30,-7,C,4
Hot N Cold,Katy Perry,"June 17, 2008",132,9B,84,3:40,20,pop,Pop,One Of The Boys,71,0,0,86,0,0,-4,G,4
Waking Up In Vegas,Katy Perry,"June 17, 2008",131,4A,88,3:19,20,pop,Pop,One Of The Boys,52,0,0,59,0,10,-3,F minor,4
Back Against the Wall,Cage The Elephant,"June 23, 2008",110,3B,74,3:48,18,"modern alternative rock, modern rock, pov: indie, punk blues, rock","Rock, Blues",Cage The Elephant (Expanded Edition),60,0,0,53,0,10,-6,Câ™¯/Dâ™­,4
Second Chance,Shinedown,"June 24, 2008",100,5A,80,3:42,20,"post-grunge, alternative metal, rock","Metal, Rock",The Sound of Madness,46,0,0,18,0,10,-5,C minor,4
Shattered (Turn The Car Around),O.A.R.,"July 15, 2008",106,1B,78,4:15,20,jam band,Rock,All Sides (Deluxe Edition),57,2,0,46,0,10,-6,B,4
Breakeven,The Script,"August 8, 2008",94,6B,70,4:21,20,"celtic rock, pop","Rock, Pop",The Script,63,17,0,54,0,0,-5,A#/Bâ™­,4
Sex on Fire,Kings of Leon,"August 11, 2008",153,11B,91,3:23,20,"modern rock, rock",Rock,Only By The Night,54,0,1,37,0,10,-6,A,4
Calabria 2008,"Enur, Natasja","September 9, 2008",126,3A,66,3:50,20,"reggae fusion, dansk rap, dansk pop","Pop, Hip Hop, Reggae",Raggatronic,89,1,0,45,10,0,-6,A#/Bâ™­ minor,4
Say Hey (I Love You),"Michael Franti & Spearhead, Cherine Tanya Anderson","September 9, 2008",93,4A,98,3:55,20,reggae fusion,Reggae,All Rebel Rockers,74,4,0,96,0,10,-4,F minor,4
Burning Pile,Mother Mother,"September 16, 2008",140,7B,76,4:22,20,"canadian indie rock, pov: indie, vancouver indie",Rock,O My Heart,52,6,0,17,0,10,-4,F,4
Use Somebody,Kings of Leon,"September 19, 2008",137,8B,72,3:50,20,"modern rock, rock",Rock,Only By The Night,28,1,0,17,0,20,-5,C,4
"1, 2, 3, 4",Plain White T's,"September 23, 2008",91,10B,55,3:18,20,"modern rock, neo mellow, neon pop punk, pop punk, pop rock","Rock, Pop",Big Bad World,46,57,0,56,0,10,-7,D,4
Womanizer,Britney Spears,"September 26, 2008",139,1B,70,3:44,20,pop,Pop,Circus (Deluxe Version),72,7,0,24,0,0,-5,B,4
When I Grow Up,The Pussycat Dolls,"September 28, 2008",118,10A,69,4:05,20,"dance pop, girl group, pop","Electronic, Pop",Doll Domination (Deluxe),67,0,0,37,0,40,-6,B minor,4
Gives You Hell,The All-American Rejects,"September 30, 2008",100,12B,69,3:33,20,"pop punk, emo","Rock, Pop",When The World Comes Down,72,2,0,55,0,0,-6,E,4
Heartless,Kanye West,"October 28, 2008",88,3A,65,3:31,20,rap,Hip Hop,808s & Heartbreak,79,5,0,65,10,20,-6,A#/Bâ™­ minor,4
Kiss Me Thru The Phone,"Soulja Boy, Sammie","November 26, 2008",150,9B,72,3:13,20,"atl hip hop, chicago bop, dance pop, pop rap, rap, southern hip hop, trap, contemporary r&b, hip pop, r&b, urban contemporary",,iSouljaBoyTellem,76,2,0,81,10,0,-4,G,4
Circus,Britney Spears,"November 28, 2008",115,11A,73,3:12,20,pop,Pop,Circus (Deluxe Version),79,15,0,76,0,0,-5,F#/Gâ™­ minor,4
If It Means a Lot to You,A Day To Remember,"February 3, 2009",127,6B,54,4:03,20,"metalcore, pop punk, post-hardcore, screamo, emo","Rock, Metal, Pop",Homesick (Special Edition),58,11,0,44,0,40,-8,A#/Bâ™­,4
Have Faith In Me,A Day To Remember,"February 3, 2009",150,8B,93,3:08,20,"metalcore, pop punk, post-hardcore, screamo, emo","Rock, Metal, Pop",Homesick,51,0,0,71,0,10,-5,C,4
1901',Phoenix,"February 23, 2009",144,8B,83,3:13,,indie,"Pop, Rock",Wolfgang Amadeus Phoenix,59,6,0,70,0,10,-6,C,4
I Know You Want Me (Calle Ocho),Pitbull,"February 24, 2009",127,10B,73,3:57,20,"dance pop, miami hip hop, pop","Electronic, Pop, Hip Hop",Pitbull Starring In Rebelution,82,2,0,83,10,10,-6,D,4
Heads Will Roll,Yeah Yeah Yeahs,"March 6, 2009",132,1A,90,3:41,20,indie rock,Rock,It's Blitz! (Deluxe Edition),56,0,9,79,0,30,-4,G#/Aâ™­ minor,4
Sometime Around Midnight,The Airborne Toxic Event,"March 16, 2009",126,4B,84,5:03,20,"la indie, metropopolis","Pop, Rock",The Airborne Toxic Event (Deluxe Edition),47,0,0,15,0,10,-5,G#/Aâ™­,4
Panic Switch,Silversun Pickups,"March 17, 2009",199,4A,89,5:43,20,"alternative rock, indie rock, la indie, modern alternative rock, modern rock","Rock, Pop",Swoon,16,0,1,55,0,20,-5,F minor,3
Don't Wanna Cry,Pete Yorn,"March 24, 2009",140,12B,65,3:56,21,new jersey indie,"Pop, Rock",Back and Fourth (Expanded Edition),56,47,1,36,0,30,-9,E,3
Gold Guns Girls,Metric,"April 4, 2009",180,8A,96,4:05,20,"canadian indie, canadian rock, indie rock, indietronica, metropopolis, neo-synthpop","Rock, Electronic, Pop",Fantasies,49,0,4,82,0,0,-5,A minor,4
Something Good Can Work,Two Door Cinema Club,"April 7, 2009",120,8B,83,2:44,,"indie, indie rock","Pop, Rock",Tourist History,65,1,0,68,0,10,-5,C,4
Substitution,Silversun Pickups,"April 14, 2009",140,10B,86,4:41,20,"alternative rock, indie rock, la indie, modern alternative rock, modern rock","Rock, Pop",Swoon,50,0,1,68,0,10,-6,D,4
Funny the Way It Is,Dave Matthews Band,"April 14, 2009",103,8B,94,4:26,20,jam band,Rock,Big Whiskey and the GrooGrux King (Expanded Edition),59,16,0,75,0,20,-3,C,4
Good Girls Go Bad,"Cobra Starship, Leighton Meester","May 11, 2009",120,8B,87,3:16,20,"neon pop punk, pop punk, post-teen pop","Pop, Rock",Hot Mess,59,1,0,63,0,50,-4,C,4
21 Guns,Green Day,"May 15, 2009",160,7B,74,5:21,18,"punk, pop punk","Pop, Rock",21st Century Breakdown,27,5,0,42,0,60,-5,F,4
Lisztomania,Phoenix,"May 25, 2009",98,8B,79,4:01,,indie,"Pop, Rock",Wolfgang Amadeus Phoenix,64,3,0,31,0,50,-7,C,4
Down,"Jay Sean, Lil Wayne","May 31, 2009",132,10B,68,3:32,20,"dance pop, pop, pop rap, post-teen pop, rap, hip hop","Electronic, Pop, Hip Hop",All Or Nothing,73,1,0,73,0,0,-4,D,4
You & Me,Dave Matthews Band,"June 2, 2009",138,9B,63,5:40,21,jam band,Rock,Big Whiskey and the GrooGrux King (Expanded Edition),65,44,0,32,0,0,-7,G,3
I Gotta Feeling,Black Eyed Peas,"June 3, 2009",128,8B,78,4:48,21,"dance pop, pop, pop rap","Electronic, Pop, Hip Hop",THE E.N.D. (THE ENERGY NEVER DIES),74,8,0,66,0,50,-6,C,4
One Tribe,Black Eyed Peas,"June 3, 2009",120,10B,48,4:40,21,"dance pop, pop, pop rap","Electronic, Pop, Hip Hop",THE E.N.D. (THE ENERGY NEVER DIES),85,33,0,80,10,10,-9,D,4
Got Nuffin,Spoon,"June 30, 2009",144,8B,88,3:58,21,"indie rock, indie","Pop, Rock",Transference,63,6,10,83,0,10,-7,C,4
Smile,Uncle Kracker,"July 13, 2009",141,12B,81,3:21,21,"country, pop rock, post-grunge","Country, Pop, Rock",Happy Hour,54,20,0,61,0,40,-4,E,4
Fireflies,Owl City,"July 14, 2009",180,5B,66,3:48,21,"indietronica, pop","Electronic, Pop, Rock",Ocean Eyes,51,3,0,47,0,10,-7,D#/Eâ™­,4
Uprising,Muse,"August 4, 2009",128,10B,91,5:04,18,"alternative rock, rock",Rock,The Resistance,60,0,6,41,0,10,-4,D,4
Whatcha Say,Jason Derulo,"August 4, 2009",144,1B,71,3:41,21,"dance pop, pop","Electronic, Pop",Jason Derulo,62,4,0,71,0,10,-6,B,4
"Hey, Soul Sister",Train,"August 11, 2009",97,12A,89,3:36,21,soft pop,Pop,"Save Me, San Francisco (Golden Gate Edition)",67,19,0,80,0,0,-4,Câ™¯/Dâ™­ minor,4
Islands,The xx,"August 14, 2009",124,12B,47,2:40,21,"downtempo, dream pop, indietronica","Electronic, Pop, Rock",xx,87,74,27,71,0,10,-11,E,4
(If You're Wondering If I Want You To) I Want You To,Weezer,"August 18, 2009",110,10A,87,3:28,20,alternative rock,Rock,Raditude (Deluxe),70,0,0,80,0,10,-6,B minor,4
Dollhouse,Priscilla Renea,"August 18, 2009",140,7B,72,3:33,21,black americana,Rock,Jukebox,56,1,0,61,10,10,-5,F,4
Haven't Met You Yet,Michael Buble,"August 31, 2009",123,4B,73,4:04,21,christmas,Pop,Crazy Love,62,15,0,80,0,10,-5,G#/Aâ™­,4
Empire State Of Mind,"JAY-Z, Alicia Keys","September 8, 2009",174,1B,96,4:36,21,"hip hop, east coast hip hop, rap, r&b, neo soul","Hip Hop, R&B",The Blueprint 3,49,3,0,81,30,40,-2,B,4
Resistance,Muse,"September 11, 2009",135,8A,77,5:46,18,"alternative rock, rock",Rock,The Resistance,47,6,29,9,0,10,-7,A minor,4
Undisclosed Desires,Muse,"September 11, 2009",116,4B,59,3:55,18,"alternative rock, rock",Rock,The Resistance,68,1,2,64,0,0,-7,G#/Aâ™­,4
Just Breathe,Pearl Jam,"September 20, 2009",108,8B,35,3:35,21,"grunge, rock, post-grunge",Rock,Backspacer,47,72,0,28,0,0,-11,C,4
Live Like We're Dying,Kris Allen,"September 21, 2009",92,8B,89,3:32,21,"acoustic pop, idol, neo mellow, viral pop","Folk, Pop",Kris Allen,59,3,0,94,0,30,-3,C,4
All I Wanted,Paramore,"September 28, 2009",144,11A,72,3:45,21,"pop punk, emo","Rock, Pop",Brand New Eyes,49,2,3,15,0,10,-5,F#/Gâ™­ minor,4
The Only Exception,Paramore,"September 28, 2009",138,12B,56,4:27,21,"pop punk, emo","Rock, Pop",Brand New Eyes,45,14,0,21,0,10,-7,E,3
All The Right Moves,OneRepublic,"September 29, 2009",146,8B,95,3:58,21,"piano rock, pop, soft pop","Rock, Pop",Waking Up,53,26,0,65,0,20,-4,C,4
If It's Love,Train,"October 26, 2009",95,2B,92,3:59,21,soft pop,Pop,"Save Me, San Francisco (Golden Gate Edition)",63,1,0,64,10,30,-3,F#/Gâ™­,4
Secrets,OneRepublic,"October 30, 2009",148,10B,76,3:44,21,"piano rock, pop, soft pop","Rock, Pop",Waking Up (Deluxe),52,7,0,38,0,10,-6,D,4
Good Life,OneRepublic,"November 13, 2009",95,2B,69,4:13,21,"piano rock, pop, soft pop","Rock, Pop",Waking Up,63,8,0,65,0,10,-8,F#/Gâ™­,4
In My Head,Jason Derulo,"December 8, 2009",110,5A,73,3:18,21,"dance pop, pop","Electronic, Pop",Jason Derulo,76,3,0,85,0,50,-4,C minor,4
"Eat That Up, Its Good For You",Two Door Cinema Club,"February 17, 2010",155,7B,89,3:45,,"indie, indie rock","Pop, Rock",Tourist History,52,0,0,64,0,30,-5,F,4
Undercover Martyn,Two Door Cinema Club,"February 17, 2010",160,10A,86,2:47,,"indie, indie rock","Pop, Rock",Tourist History,44,0,0,58,10,0,-5,B minor,4
What You Know,Two Door Cinema Club,"February 17, 2010",139,11A,75,3:09,,"indie, indie rock","Pop, Rock",Tourist History,55,0,0,84,0,0,-4,F#/Gâ™­ minor,4
Lights - Single Version,Ellie Goulding,"February 26, 2010",120,1A,79,3:31,21,"indietronica, metropopolis, pop, uk pop","Electronic, Pop, Rock",Lights,68,3,5,81,0,10,-6,G#/Aâ™­ minor,4
Animal,Neon Trees,"March 16, 2010",148,7B,83,3:32,21,"modern rock, neo mellow, pop rock, pov: indie","Rock, Pop",Habits,48,0,0,74,0,30,-6,F,4
OMG (feat. will.i.am),"USHER, will.i.am","March 22, 2010",130,9A,75,4:29,21,"r&b, dance pop, pop","Electronic, Pop, R&B",Raymond v Raymond (Expanded Edition),78,20,0,33,0,30,-6,E minor,4
DJ Got Us Fallin' In Love (feat. Pitbull),"USHER, Pitbull","March 26, 2010",120,6A,86,3:40,21,"r&b, dance pop, miami hip hop, pop","Electronic, Pop, Hip Hop, R&B",Raymond v Raymond (Expanded Edition),66,3,0,65,10,0,-3,G minor,4
Airplanes (feat. Hayley Williams of Paramore),"B.o.B, Hayley Williams","April 13, 2010",93,11A,87,3:00,21,"atl hip hop, dance pop, pop rap, rap, southern hip hop, art pop","Pop, Hip Hop, Electronic",B.o.B Presents: The Adventures of Bobby Ray,66,11,0,38,10,0,-4,F#/Gâ™­ minor,4
Magic (feat. Rivers Cuomo),"B.o.B, Rivers Cuomo","April 27, 2010",82,1A,93,3:16,21,"atl hip hop, dance pop, pop rap, rap, southern hip hop, alternative rock","Rock, Hip Hop, Electronic, Pop",B.o.B Presents: The Adventures of Bobby Ray,55,1,0,79,30,30,-4,G#/Aâ™­ minor,4
I Like It,"Enrique Iglesias, Pitbull","May 3, 2010",129,3A,94,3:51,21,"latin pop, latin, dance pop, miami hip hop, pop","Electronic, Pop, Latin, Hip Hop",Euphoria (Standard US/Latin version),65,2,0,70,0,0,-3,A#/Bâ™­ minor,4
California Gurls,"Katy Perry, Snoop Dogg","May 7, 2010",125,8B,75,3:54,21,"pop, g-funk, west coast hip hop, gangster rap, old school hip hop, hip hop, rap","Hip Hop, R&B, Pop",Teenage Dream,79,0,0,40,0,10,-4,C,4
Runaway,The National,"May 10, 2010",135,12B,44,5:33,21,indie rock,Rock,High Violet,58,87,56,34,0,10,-10,E,3
Howlin' for You,The Black Keys,"May 18, 2010",133,1B,74,3:11,21,"blues rock, garage rock, modern blues, rock","Blues, Rock",Brothers,71,3,8,45,0,10,-7,B,4
At Or With Me,Jack Johnson,"June 1, 2010",114,12B,55,3:57,21,surf rock,Rock,To The Sea,65,63,0,48,0,20,-7,E,4
Your Love,Nicki Minaj,"June 1, 2010",189,1B,52,4:05,22,"hip pop, pop, queens hip hop, rap","Hip Hop, Pop",Pink Friday (Complete Edition),40,0,0,19,30,40,-10,B,4
Please Don't Go,Mike Posner,"June 9, 2010",120,9A,88,3:16,,"dance pop, pop, pop dance, pop rap","Electronic, Pop, Hip Hop",31 Minutes to Takeoff,70,0,5,66,0,10,-4,E minor,4
Misery,Maroon 5,"June 22, 2010",103,9A,81,3:36,,pop,Pop,Hands All Over (Deluxe),70,0,0,73,0,20,-5,E minor,4
Teenage Dream,Katy Perry,"July 23, 2010",120,6B,80,3:47,,pop,Pop,Teenage Dream,72,2,0,59,0,10,-5,A#/Bâ™­,4
Moves Like Jagger - Studio Recording From The Voice ,"Maroon 5, Christina Aguilera","August 17, 2010",128,10A,76,3:21,,"pop, dance pop","Electronic, Pop",Hands All Over,72,1,0,62,0,30,-4,B minor,4
Forget You,CeeLo Green,"August 19, 2010",127,8B,88,3:42,,"atl hip hop, pop rap","Hip Hop, Pop",The Lady Killer,70,13,0,77,0,10,-4,C,4
For the First Time,The Script,"August 20, 2010",174,11B,63,4:12,,"celtic rock, pop","Rock, Pop",Science & Faith (US Version),40,3,0,36,0,10,-5,A,4
The One That Got Away,Katy Perry,"August 24, 2010",134,12A,80,3:47,,pop,Pop,Teenage Dream,69,0,0,88,0,10,-4,Câ™¯/Dâ™­ minor,4
Last Friday Night (T.G.I.F.),Katy Perry,"August 24, 2010",126,2A,81,3:50,,pop,Pop,Teenage Dream,65,0,0,73,0,60,-4,D#/Eâ™­ minor,4
E.T.,Katy Perry,"August 24, 2010",150,4A,86,3:26,,pop,Pop,Teenage Dream,60,2,0,73,0,30,-5,F minor,4
Only Girl (In The World),Rihanna,"September 10, 2010",126,10A,71,3:55,,"barbadian pop, pop, urban contemporary","Pop, Hip Hop, R&B",Loud,79,11,0,64,0,0,-4,B minor,4
Nothing,The Script,"September 10, 2010",157,10B,83,4:32,,"celtic rock, pop","Rock, Pop",Science & Faith (US Version),47,0,0,50,0,10,-5,D,4
Mr. Saxobeat,Alexandra Stan,"September 12, 2010",127,9A,93,3:15,,europop,Pop,Saxobeats,72,3,0,78,0,10,-4,E minor,4
Never Gonna Leave This Bed,Maroon 5,"September 15, 2010",117,1B,81,3:16,,pop,Pop,Hands All Over (Deluxe),61,11,0,46,0,20,-4,B,4
Right Thru Me,Nicki Minaj,"September 24, 2010",162,3B,68,3:55,22,"hip pop, pop, queens hip hop, rap","Hip Hop, Pop",Pink Friday (Complete Edition),57,9,0,18,10,10,-5,Câ™¯/Dâ™­,3
jar of hearts,Christina Perri,"September 27, 2010",75,5B,35,4:06,,soft pop,Pop,lovestrong.,35,73,0,9,0,10,-6,D#/Eâ™­,4
Rhythm Of Love,Plain White T's,"October 3, 2010",172,4B,54,3:20,,"modern rock, neo mellow, neon pop punk, pop punk, pop rock","Rock, Pop",Wonders Of The Younger,53,36,0,73,0,10,-8,G#/Aâ™­,4
Pretty Girl Rock,Keri Hilson,"October 12, 2010",160,10A,87,4:03,,"dance pop, hip pop, r&b, urban contemporary","Electronic, Pop, Hip Hop, R&B",No Boys Allowed,67,20,0,90,20,0,-5,B minor,4
Sail,AWOLNATION,"November 10, 2010",119,3B,44,4:19,,"la indie, modern alternative rock, modern rock, rock, stomp pop","Pop, Rock",Megalithic Symphony Deluxe,83,45,61,24,0,10,-10,Câ™¯/Dâ™­,4
S&M,Rihanna,"November 12, 2010",128,3B,69,4:03,,"barbadian pop, pop, urban contemporary","Pop, Hip Hop, R&B",Loud,77,1,0,84,0,0,-5,Câ™¯/Dâ™­,4
Just A Dream,Nelly,"November 12, 2010",90,3B,75,3:57,,"dance pop, gangster rap, hip hop, pop rap, rap, st louis rap, urban contemporary","Electronic, Pop, Hip Hop, R&B",5,53,4,0,10,0,10,-6,Câ™¯/Dâ™­,4
Keep Your Head Up,Andy Grammer,"November 15, 2010",90,8B,78,3:09,,"neo mellow, post-teen pop, viral pop",Pop,Andy Grammer,67,5,0,82,0,10,-5,C,4
Shake Me Down,Cage The Elephant,"November 22, 2010",105,11B,61,3:31,18,"modern alternative rock, modern rock, pov: indie, punk blues, rock","Rock, Blues",Thank You Happy Birthday,46,0,0,13,0,0,-6,A,4
Super Bass,Nicki Minaj,"November 22, 2010",127,1B,86,3:20,22,"hip pop, pop, queens hip hop, rap","Hip Hop, Pop",Pink Friday (Complete Edition),72,27,0,67,20,60,-4,B,4
Moment 4 Life,"Nicki Minaj, Drake","November 22, 2010",98,1B,88,4:39,22,"hip pop, pop, queens hip hop, rap","Hip Hop, Pop",Pink Friday,48,41,0,37,30,20,-4,B,4
Fly,"Nicki Minaj, Rihanna","November 22, 2010",120,6B,85,3:32,22,"hip pop, pop, queens hip hop, rap, barbadian pop, urban contemporary","Pop, Hip Hop, R&B",Pink Friday,67,1,0,20,0,10,-5,A#/Bâ™­,4
Did It On 'em,Nicki Minaj,"November 22, 2010",156,9B,41,3:32,22,"hip pop, pop, queens hip hop, rap","Hip Hop, Pop",Pink Friday,56,4,0,47,30,20,-7,G,4
Club Can't Handle Me (feat. David Guetta),"Flo Rida, David Guetta","November 24, 2010",128,8B,87,3:54,,"dance pop, miami hip hop, pop, pop rap, edm","Electronic, Pop, Hip Hop",Only One Flo (Part 1),62,3,0,47,0,0,-4,C,4
Just Can't Get Enough,Black Eyed Peas,"November 26, 2010",94,5A,63,3:39,,"dance pop, pop, pop rap","Electronic, Pop, Hip Hop",The Beginning,66,19,0,26,10,10,-9,C minor,4
What the Hell,Avril Lavigne,"January 10, 2011",150,11A,93,3:40,,"canadian pop, candy pop, dance pop, pop","Pop, Electronic",Goodbye Lullaby (Expanded Edition),58,0,1,88,0,10,-4,F#/Gâ™­ minor,4
This Is Why We Fight,The Decemberists,"January 11, 2011",110,10B,86,5:30,,"baroque pop, indie folk","Classical, Pop, Folk, Rock",The King Is Dead,50,1,0,23,0,40,-5,D,4
Wing$,"Macklemore, Ryan Lewis","January 21, 2011",74,6A,60,4:58,,"pop rap, seattle hip hop","Hip Hop, Pop",The Heist,40,35,0,10,20,10,-7,G minor,4
Jump into the Fog,The Wombats,"January 24, 2011",158,12B,90,3:52,,indie,"Pop, Rock",The Wombats Proudly Present... This Modern Glitch,46,0,0,67,0,20,-7,E,4
Price Tag,"Jessie J, B.o.B","January 25, 2011",175,7B,83,3:43,,"dance pop, pop, atl hip hop, pop rap, rap, southern hip hop","Hip Hop, Electronic, Pop",Who You Are (Platinum Edition),64,3,0,68,10,20,-4,F,4
On The Floor,"Jennifer Lopez, Pitbull","February 8, 2011",130,2A,78,4:44,,"dance pop, pop, urban contemporary, miami hip hop","Electronic, Pop, Hip Hop, R&B",LOVE?,73,11,0,59,0,0,-5,D#/Eâ™­ minor,4
Who's Laughing Now,Jessie J,"February 28, 2011",100,3B,84,3:54,,"dance pop, pop","Electronic, Pop",Who You Are (Deluxe Edition),79,0,0,52,10,10,-4,Câ™¯/Dâ™­,4
Domino,Jessie J,"February 28, 2011",127,9B,56,3:51,,"dance pop, pop","Electronic, Pop",Who You Are (Deluxe Edition),76,1,0,78,0,0,-5,G,4
Tonight Tonight,Hot Chelle Rae,"March 15, 2011",100,12B,78,3:20,,"dance rock, neon pop punk, post-teen pop","Electronic, Rock, Pop",Whatever,69,8,0,81,10,10,-5,E,4
Kill Your Heroes,AWOLNATION,"March 15, 2011",96,8B,95,2:58,,"la indie, modern alternative rock, modern rock, rock, stomp pop","Pop, Rock",Megalithic Symphony Deluxe,57,1,0,32,0,70,-6,C,4
Not Your Fault,AWOLNATION,"March 15, 2011",144,7B,73,4:02,,"la indie, modern alternative rock, modern rock, rock, stomp pop","Pop, Rock",Megalithic Symphony Deluxe,60,0,0,64,0,0,-5,F,4
Give Me Everything (feat. Nayer),"Pitbull, AFROJACK, Ne-Yo, Nayer","March 15, 2011",129,4B,94,4:12,,"dance pop, miami hip hop, pop, edm, big room, r&b, urban contemporary, deep dance pop, latin dance","Electronic, Pop, Latin, Hip Hop, R&B",Planet Pit (Deluxe Version),67,19,0,53,10,30,-3,G#/Aâ™­,4
All At Once,"The Airborne Toxic Event, Calder Quartet","April 26, 2011",142,9B,79,5:16,,"la indie, metropopolis, contemporary classical, chamber music, minimalism","Classical, Pop, Rock",All At Once,44,0,6,17,0,10,-7,G,4
You Make Me Feel... (feat. Sabi),"Cobra Starship, Sabi","May 10, 2011",132,6A,86,3:35,,"neon pop punk, pop punk, post-teen pop","Pop, Rock",Night Shades,67,2,0,75,0,0,-3,G minor,4
Not Over You,Gavin DeGraw,"May 17, 2011",142,6B,89,3:38,,"neo mellow, pop rock","Pop, Rock",Sweeter,63,26,0,36,0,10,-5,A#/Bâ™­,4
Glad You Came,The Wanted,"May 24, 2011",127,6A,85,3:17,,"boy band, dance pop, pop, post-teen pop","Pop, Electronic",Battleground (Deluxe Edition),72,3,0,45,0,10,-4,G minor,4
Fine By Me,Andy Grammer,"June 14, 2011",90,1B,79,2:52,,"neo mellow, post-teen pop, viral pop",Pop,Andy Grammer,58,1,0,88,0,0,-4,B,4
Stereo Hearts ,"Gym Class Heroes, Adam Levine","June 14, 2011",90,11B,80,3:30,,"dance pop, pop rap, deep talent show","Electronic, Pop, Hip Hop",The Papercut Chronicles II,65,3,0,80,10,20,-3,A,4
Things We Lost In The Fire,Bastille,"July 4, 2011",134,9A,92,4:00,,"metropopolis, modern rock, pop","Rock, Pop",Bad Blood,59,6,0,63,0,20,-5,E minor,4
Somebody That I Used To Know,"Gotye, Kimbra","July 5, 2011",129,8B,50,4:04,,"australian pop, bergen indie, electropop, nz pop","Pop, Rock, Electronic",Making Mirrors,86,59,0,72,0,10,-7,C,4
Colours,GROUPLOVE,"July 7, 2011",94,2B,83,4:17,,indie,"Pop, Rock",Never Trust a Happy Song,53,2,0,32,0,10,-5,F#/Gâ™­,4
It Girl,Jason Derulo,"August 9, 2011",92,12A,72,3:12,,"dance pop, pop","Electronic, Pop",Future History (Deluxe Edition),67,2,0,35,0,10,-5,Câ™¯/Dâ™­ minor,4
Can't Hold Us (feat. Ray Dalton),"Macklemore, Ryan Lewis, Ray Dalton","August 16, 2011",146,10B,92,4:18,,"pop rap, seattle hip hop, pop dance","Electronic, Pop, Hip Hop",The Heist,64,3,0,85,0,0,-4,D,4
Midnight City,M83,"August 16, 2011",105,10A,71,4:01,,"french shoegaze, french synthpop, indietronica, metropopolis, neo-synthpop","Rock, Electronic, Pop","Hurry Up, We're Dreaming",53,2,0,32,0,10,-7,B minor,4
Feel So Close - Radio Edit,Calvin Harris,"August 19, 2011",128,9B,92,3:26,,edm,Electronic,18 Months,71,0,1,92,0,20,-3,G,4
Tongue Tied,GROUPLOVE,"September 2, 2011",113,5B,94,3:38,,indie,"Pop, Rock",Never Trust a Happy Song,56,1,0,37,0,10,-6,D#/Eâ™­,4
Paradise,Coldplay,"September 12, 2011",140,7B,59,4:38,,"permanent wave, pop","Rock, Pop",Mylo Xyloto,45,5,0,21,0,0,-7,F,4
Call Me Maybe,Carly Rae Jepsen,"September 20, 2011",120,9B,58,3:13,,"canadian pop, dance pop, pop","Pop, Electronic",Kiss (Deluxe),78,1,0,66,0,10,-7,G,4
I Like It Like That (feat. New Boyz),"Hot Chelle Rae, New Boyz","October 4, 2011",101,3B,78,3:08,,"dance rock, neon pop punk, post-teen pop, pop rap","Electronic, Rock, Pop, Hip Hop",Whatever,74,3,0,65,0,30,-5,Câ™¯/Dâ™­,4
Lonely Boy,The Black Keys,"October 26, 2011",166,10B,87,3:13,,"blues rock, garage rock, modern blues, rock","Blues, Rock",El Camino,36,0,1,61,0,10,-8,D,4
We Found Love,"Rihanna, Calvin Harris","November 18, 2011",128,3B,77,3:35,,"barbadian pop, pop, urban contemporary, edm","Pop, Electronic, Hip Hop, R&B",Talk That Talk,74,3,0,60,0,10,-4,Câ™¯/Dâ™­,4
Gold on the Ceiling,The Black Keys,"December 6, 2011",130,8B,83,3:44,,"blues rock, garage rock, modern blues, rock","Blues, Rock",El Camino,51,1,0,56,0,0,-5,C,4
Little Talks,Of Monsters and Men,"December 20, 2011",103,3B,76,4:26,,folk pop,"Folk, Pop",My Head Is An Animal,46,2,0,42,0,10,-5,Câ™¯/Dâ™­,4
Everybody Talks,Neon Trees,"December 20, 2011",155,4B,92,2:57,,"modern rock, neo mellow, pop rock, pov: indie","Rock, Pop",Picture Show,47,0,0,72,0,30,-4,G#/Aâ™­,4
Trojans,Atlas Genius,"January 1, 2012",140,9B,82,3:37,,"indietronica, modern alternative rock, modern rock, shimmer pop","Electronic, Pop, Rock",When It Was Now,72,1,0,54,0,0,-5,G,4
I Won't Give Up,Jason Mraz,"January 3, 2012",133,12B,30,4:00,,"soft pop, acoustic pop","Folk, Pop",Love Is a Four Letter Word (Deluxe Edition),48,69,0,14,0,10,-10,E,3
Drive By,Train,"January 10, 2012",122,12A,84,3:15,,soft pop,Pop,California 37,77,0,0,72,0,0,-3,Câ™¯/Dâ™­ minor,4
It's Time,Imagine Dragons,"February 6, 2012",105,10B,88,3:57,,"modern rock, pop, rock","Rock, Pop",Night Visions,66,2,0,86,0,10,-5,D,4
Brokenhearted,Karmin,"February 7, 2012",120,12A,77,3:47,,"post-teen pop, viral pop",Pop,Hello,77,1,0,89,0,0,-3,Câ™¯/Dâ™­ minor,4
Part Of Me,Katy Perry,"February 13, 2012",130,7B,92,3:36,,pop,Pop,Teenage Dream: The Complete Confection,67,0,0,76,0,0,-5,F,4
R U Mine?,Arctic Monkeys,"February 27, 2012",97,11A,76,3:21,22,"indie, garage rock","Rock, Pop",AM,29,1,0,62,0,30,-6,F#/Gâ™­ minor,4
Primadonna,MARINA,"March 20, 2012",128,9A,69,3:41,,"metropopolis, pop, pov: indie, uk alternative pop","Pop, Rock",Electra Heart (Deluxe),66,9,0,43,0,0,-3,E minor,4
Mountain Sound,Of Monsters and Men,"April 3, 2012",102,12A,88,3:31,,folk pop,"Folk, Pop",My Head Is An Animal,38,4,0,38,0,10,-4,Câ™¯/Dâ™­ minor,4
Payphone,"Maroon 5, Wiz Khalifa","April 16, 2012",110,12B,76,3:51,,"pop, hip hop, pittsburgh rap, pop rap, rap, southern hip hop, trap","Hip Hop, Pop",Overexposed (Deluxe),74,1,0,52,0,30,-5,E,4
Chasing The Sun,The Wanted,"April 17, 2012",128,6A,73,3:18,,"boy band, dance pop, pop, post-teen pop","Pop, Electronic",The Wanted (Special Edition),64,24,0,68,10,50,-6,G minor,4
Bubblegum Bitch,MARINA,"April 27, 2012",158,5A,86,2:34,,"metropopolis, pop, pov: indie, uk alternative pop","Pop, Rock",Electra Heart (Deluxe),50,0,0,61,0,10,-5,C minor,4
How to Be a Heartbreaker,MARINA,"April 27, 2012",140,10A,90,3:41,,"metropopolis, pop, pov: indie, uk alternative pop","Pop, Rock",Electra Heart (Deluxe),69,1,0,85,0,10,-5,B minor,4
Wide Awake,Katy Perry,"May 22, 2012",160,7B,68,3:40,,pop,Pop,Teenage Dream: The Complete Confection,51,8,0,56,0,50,-5,F,4
Home,Phillip Phillips,"May 23, 2012",121,8B,83,3:30,,folk pop,"Folk, Pop",The World From The Side Of The Moon,61,3,0,32,0,10,-6,C,4
"Danny, Dakota & the Wishing Well",A Silent Film,"June 5, 2012",153,10B,77,4:44,,"oxford indie, shimmer pop, stomp pop",,Sand & Snow,43,0,2,22,0,20,-6,D,4
50 Ways to Say Goodbye,Train,"June 11, 2012",140,2B,94,4:07,,soft pop,Pop,California 37,59,0,0,74,0,10,-3,F#/Gâ™­,4
She's so Mean,Matchbox Twenty,"June 12, 2012",118,8B,88,3:52,,post-grunge,,North (Deluxe Edition),67,1,0,68,0,20,-4,C,4
One More Night,Maroon 5,"June 19, 2012",93,4A,82,3:39,,pop,Pop,Overexposed (Deluxe),72,4,0,61,0,0,-3,F minor,4
Daylight,Maroon 5,"June 20, 2012",120,10B,67,3:45,,pop,Pop,Overexposed (Deluxe),66,0,0,35,0,20,-6,D,4
Love Somebody,Maroon 5,"June 20, 2012",120,3B,79,3:49,,pop,Pop,Overexposed (Deluxe),68,13,0,42,0,10,-6,Câ™¯/Dâ™­,4
Wild Ones,"Flo Rida, Sia","June 22, 2012",127,4A,86,3:52,,"dance pop, miami hip hop, pop, pop rap","Electronic, Pop, Hip Hop",Wild Ones,61,10,0,44,0,20,-5,F minor,4
Good Time,"Owl City, Carly Rae Jepsen","June 26, 2012",126,5B,87,3:25,,"indietronica, pop, canadian pop, dance pop","Pop, Electronic, Rock",The Midsummer Station,56,2,0,68,10,30,-4,D#/Eâ™­,4
Same Love,"Macklemore, Ryan Lewis, Mary Lambert","July 18, 2012",85,4B,47,5:18,,"pop rap, seattle hip hop, neo mellow","Pop, Hip Hop",The Heist,69,72,0,30,10,10,-9,G#/Aâ™­,4
Sleep Alone,Two Door Cinema Club,"July 20, 2012",148,8B,75,3:56,,"indie, indie rock","Pop, Rock",Beacon,53,0,0,53,0,0,-5,C,4
We Come Running,Youngblood Hawke,"August 13, 2012",125,6B,74,4:08,,"la indie, shimmer pop","Pop, Rock",Youngblood Hawke,56,0,0,31,0,10,-7,A#/Bâ™­,4
Bad Blood,Bastille,"August 19, 2012",143,4A,78,3:32,,"metropopolis, modern rock, pop","Rock, Pop",Bad Blood,66,2,1,94,0,0,-5,F minor,4
Survival,Muse,"August 20, 2012",164,3A,83,4:17,18,"alternative rock, rock",Rock,The 2nd Law,56,0,19,63,0,0,-5,A#/Bâ™­ minor,4
Madness,Muse,"August 20, 2012",180,6B,42,4:41,18,"alternative rock, rock",Rock,The 2nd Law,50,13,0,22,0,10,-8,A#/Bâ™­,4
Thrift Shop ,"Macklemore, Ryan Lewis, Wanz","August 27, 2012",95,11A,53,3:55,,"pop rap, seattle hip hop, g-funk, west coast hip hop","Hip Hop, Pop",The Heist (Deluxe Edition),78,6,0,67,20,0,-7,F#/Gâ™­ minor,4
Radioactive,Imagine Dragons,"September 4, 2012",136,11B,78,3:06,,"modern rock, pop, rock","Rock, Pop",Night Visions,45,10,0,24,0,60,-4,A,4
Demons,Imagine Dragons,"September 4, 2012",90,5B,71,2:55,,"modern rock, pop, rock","Rock, Pop",Night Visions,50,19,0,42,0,30,-3,D#/Eâ™­,4
On Top Of The World,Imagine Dragons,"September 4, 2012",100,8B,93,3:09,,"modern rock, pop, rock","Rock, Pop",Night Visions,64,9,0,77,10,0,-6,C,4
Hall of Fame ,"The Script, will.i.am","September 10, 2012",85,6B,87,3:22,,"celtic rock, pop, dance pop","Electronic, Pop",#3,42,7,0,63,0,10,-4,A#/Bâ™­,4
Girl on Fire,Alicia Keys,"September 12, 2012",93,11B,71,3:44,,"r&b, neo soul",R&B,Girl on Fire (Remixes) - EP,48,14,0,14,0,10,-6,A,4
Don't You Worry Child - Radio Edit,"Swedish House Mafia, John Martin","September 14, 2012",129,10A,84,3:32,,"edm, pop edm",Electronic,Don't You Worry Child,61,11,0,44,0,10,-3,B minor,4
Cups (Pitch Perfect),Anna Kendrick,"September 25, 2012",130,8B,46,2:08,,children's music,,Ultimate Pitch Perfect (Original Motion Picture Soundtrack),88,5,0,80,0,0,-9,C,4
Panic Station,Muse,"September 28, 2012",105,10B,77,3:04,18,"alternative rock, rock",Rock,The 2nd Law,67,0,0,73,0,10,-3,D,4
Follow Me,Muse,"September 28, 2012",135,5B,82,3:50,18,"alternative rock, rock",Rock,The 2nd Law,28,0,0,8,0,10,-6,D#/Eâ™­,4
Troublemaker,"Olly Murs, Flo Rida","October 12, 2012",106,5A,86,3:05,,"dance pop, pop, talent show, uk pop, miami hip hop, pop rap","Electronic, Pop, Hip Hop",Right Place Right Time (Expanded Edition),76,2,0,97,0,10,-4,C minor,4
Clarity,"Zedd, Foxes","October 12, 2012",128,4B,78,4:31,,"edm, electropop, metropopolis, uk pop","Electronic, Pop",Clarity,51,4,0,18,0,0,-3,G#/Aâ™­,4
Stay,"Rihanna, Mikky Ekko","November 19, 2012",112,8A,31,4:00,,"barbadian pop, pop, urban contemporary, nashville indie","Pop, Hip Hop, R&B",Unapologetic (Edited Version),62,95,0,13,0,10,-10,A minor,4
"Gone, Gone, Gone",Phillip Phillips,"November 19, 2012",118,2B,64,3:29,,folk pop,"Folk, Pop",The World From The Side Of The Moon,66,13,0,50,0,10,-6,F#/Gâ™­,4
Sweater Weather,The Neighbourhood,"December 3, 2012",124,6B,81,4:00,,"modern alternative rock, modern rock, pop","Rock, Pop",I Love You.,61,5,2,40,0,10,-3,A#/Bâ™­,4
Impossible,James Arthur,"December 9, 2012",170,5A,70,3:29,,soft pop,Pop,James Arthur (Deluxe),38,14,0,30,0,10,-5,C minor,4
Car Radio,Twenty One Pilots,"January 9, 2013",130,8A,52,4:27,,"modern rock, pop, pov: indie, rock","Rock, Pop",Vessel,77,10,0,61,0,0,-7,A minor,4
Pompeii,Bastille,"January 11, 2013",127,11B,72,3:34,,"metropopolis, modern rock, pop","Rock, Pop",Bad Blood,68,8,0,57,0,20,-6,A,4
Suit & Tie,"Justin Timberlake, JAY-Z","January 14, 2013",102,10A,60,5:26,,"dance pop, pop, hip hop, east coast hip hop, rap","Electronic, Pop, Hip Hop",The 20/20 Experience (Deluxe Version),80,10,0,36,20,10,-4,B minor,4
Alone Together,Fall Out Boy,"February 4, 2013",90,12B,92,3:23,,"emo, pop punk",,Save Rock And Roll,55,0,0,60,0,20,-4,E,4
If So,Atlas Genius,"February 6, 2013",125,9B,70,3:00,,"indietronica, modern alternative rock, modern rock, shimmer pop","Electronic, Pop, Rock",When It Was Now,65,0,0,65,0,30,-5,G,4
Out of My League,Fitz and The Tantrums,"February 7, 2013",170,8A,97,3:29,,"la indie, modern alternative rock, modern rock, pop rock, pov: indie","Pop, Rock",More Than Just a Dream (Deluxe Edition),55,4,0,53,0,30,-4,A minor,4
Mirrors,Justin Timberlake,"February 11, 2013",77,4A,51,8:04,,"dance pop, pop","Electronic, Pop",The 20/20 Experience,57,23,0,51,0,0,-7,F minor,4
Feel This Moment ,"Pitbull, Christina Aguilera","February 21, 2013",136,9B,76,3:49,,"dance pop, miami hip hop, pop","Electronic, Pop, Hip Hop",Global Warming: Meltdown (Deluxe Version),67,4,0,54,10,30,-4,G,4
It's a Beautiful Day,Michael Buble,"February 25, 2013",144,3B,80,3:19,,christmas,,To Be Loved,53,6,0,78,0,30,-4,Câ™¯/Dâ™­,4
Flaws,Bastille,"March 4, 2013",144,4B,66,3:38,,"metropopolis, modern rock, pop","Rock, Pop",All This Bad Blood,57,41,0,41,0,0,-7,G#/Aâ™­,4
Harlem,New Politics,"March 9, 2013",134,2B,95,2:43,,"modern alternative rock, modern rock, stomp pop","Rock, Pop",A Bad Girl In Harlem,60,0,0,59,0,30,-4,F#/Gâ™­,4
Still into You,Paramore,"March 14, 2013",136,7B,92,3:36,,"pop punk, emo",,Paramore,60,1,0,77,0,0,-4,F,4
Best Day Of My Life,American Authors,"March 19, 2013",100,10B,90,3:14,,"modern rock, pop rock",Rock,"Oh, What A Life",67,6,0,54,0,0,-2,D,4
Believer,American Authors,"March 19, 2013",120,3B,97,3:03,,"modern rock, pop rock",Rock,"Oh, What A Life",58,0,1,91,0,10,-3,Câ™¯/Dâ™­,4
Counting Stars,OneRepublic,"March 22, 2013",122,12A,71,4:17,,"piano rock, pop, soft pop",Pop,Native,66,7,0,47,0,10,-5,Câ™¯/Dâ™­ minor,4
Love Runs Out,OneRepublic,"March 22, 2013",120,9B,94,3:44,,"piano rock, pop, soft pop",Pop,Native,72,17,0,74,0,10,-4,G,4
I Need Your Love,"Calvin Harris, Ellie Goulding","April 2, 2013",125,4B,87,3:55,,"edm, indietronica, metropopolis, pop, uk pop","Electronic, Pop, Rock",Halcyon Nights,70,41,0,68,0,20,-5,G#/Aâ™­,4
Ain't It Fun,Paramore,"April 5, 2013",104,11B,89,4:56,,"pop punk, emo",,Paramore,61,15,0,67,0,0,-4,A,4
"Archie, Marry Me",Alvvays,"April 6, 2013",117,9B,83,3:16,,"dream pop, shoegaze, jangle pop, indie",,Alvvays,27,1,43,20,0,10,-5,G,4
Here's to Never Growing Up,Avril Lavigne,"April 9, 2013",165,8B,87,3:34,,"canadian pop, candy pop, dance pop, pop","Pop, Electronic",Avril Lavigne (Expanded Edition),48,1,0,74,0,40,-3,C,4
My Songs Know What You Did In The Dark (Light Em Up),Fall Out Boy,"April 12, 2013",152,8A,92,3:06,,"emo, pop punk",,Save Rock And Roll,56,3,0,57,0,50,-4,A minor,4
Get Lucky (feat. Pharrell Williams and Nile Rodgers),"Daft Punk, Pharrell Williams, Nile Rodgers","April 19, 2013",116,11A,79,6:09,,"french house, electronic, electro, dance pop, pop, disco","Electronic, Pop",Random Access Memories,81,4,0,86,0,0,-9,F#/Gâ™­ minor,4
6am,Fitz and The Tantrums,"May 7, 2013",92,7B,88,4:29,,"la indie, modern alternative rock, modern rock, pop rock, pov: indie","Pop, Rock",More Than Just a Dream (Deluxe Edition),68,5,0,71,0,30,-4,F,4
Fools Gold,Fitz and The Tantrums,"May 7, 2013",114,3B,91,3:34,,"la indie, modern alternative rock, modern rock, pop rock, pov: indie","Pop, Rock",More Than Just a Dream (Deluxe Edition),71,3,0,71,0,10,-5,Câ™¯/Dâ™­,4
The Walker,Fitz and The Tantrums,"May 7, 2013",131,8A,80,3:53,,"la indie, modern alternative rock, modern rock, pop rock, pov: indie","Pop, Rock",More Than Just a Dream (Deluxe Edition),77,0,0,73,0,0,-4,A minor,4
Unbelievers,Vampire Weekend,"May 13, 2013",155,1B,81,3:22,18,"indie, baroque pop","Classical, Pop, Rock",Modern Vampires of the City,64,14,0,84,0,10,-8,B,4
Step,Vampire Weekend,"May 13, 2013",78,6B,72,4:11,18,"indie, baroque pop","Classical, Pop, Rock",Modern Vampires of the City,62,59,0,63,10,10,-7,A#/Bâ™­,4
Diane Young,Vampire Weekend,"May 13, 2013",88,1B,80,2:40,18,"indie, baroque pop","Classical, Pop, Rock",Modern Vampires of the City,42,3,0,76,20,20,-5,B,4
Doin' it Right (feat. Panda Bear),"Daft Punk, Panda Bear","May 17, 2013",178,2B,45,4:11,,"french house, electronic, electro, neo-psychedelic",,Random Access Memories,80,39,0,19,0,0,-8,F#/Gâ™­,4
La La La,"Naughty Boy, Sam Smith","May 18, 2013",125,11A,65,3:42,,"uk contemporary r&b, soft pop",Pop,Hotel Cabana (Deluxe Version),77,11,0,26,0,0,-5,F#/Gâ™­ minor,4
Cool Kids,Echosmith,"May 31, 2013",130,4B,67,3:57,,"electropop, indie poptimism, viral pop","Electronic, Pop",Talking Dreams (Deluxe Edition),72,4,0,79,0,10,-6,G#/Aâ™­,4
Safe and Sound,Capital Cities,"June 4, 2013",118,8B,82,3:12,,"metropopolis, modern rock",Rock,In A Tidal Wave of Mystery,66,0,0,77,0,10,-5,C,5
18,Anarbor,"June 4, 2013",98,1B,85,2:37,,pop punk,,Burnout (Deluxe Version),72,6,0,88,10,0,-3,B,4
Wake Me Up,Avicii,"June 17, 2013",124,10B,78,4:07,,edm,Electronic,,53,0,0,64,0,10,-6,D,4
Do I Wanna Know?,Arctic Monkeys,"June 19, 2013",85,7B,53,4:32,22,"indie, garage rock","Rock, Pop",AM,55,19,0,41,0,20,-8,F,4
Classic,MKTO,"June 20, 2013",102,3B,79,2:55,,"pop, post-teen pop",Pop,MKTO,72,4,0,76,10,10,-5,Câ™¯/Dâ™­,4
Burn,Ellie Goulding,"July 5, 2013",87,3A,76,3:51,,"indietronica, metropopolis, pop, uk pop","Electronic, Pop, Rock",Halcyon Nights,31,30,0,34,0,10,-5,A#/Bâ™­ minor,4
Why'd You Only Call Me When You're High?,Arctic Monkeys,"August 11, 2013",92,10B,63,2:41,,"indie, garage rock","Rock, Pop",AM,69,5,0,80,0,10,-6,D,4
Come a Little Closer,Cage The Elephant,"August 13, 2013",148,12A,78,3:49,18,"modern alternative rock, modern rock, pov: indie, punk blues, rock","Rock, Blues",Melophobia,44,3,0,30,0,10,-2,Câ™¯/Dâ™­ minor,4
Rock N Roll,Avril Lavigne,"August 23, 2013",184,5A,96,3:26,,"canadian pop, candy pop, dance pop, pop","Pop, Electronic",Avril Lavigne (Expanded Edition),47,1,0,67,10,30,-3,C minor,4
I Wanna Be Yours,Arctic Monkeys,"September 6, 2013",68,5A,42,3:03,22,"indie, garage rock","Rock, Pop",AM,46,14,2,48,0,10,-9,C minor,4
Hey Brother,Avicii,"September 13, 2013",125,6A,78,4:15,,edm,Electronic,,55,3,0,46,0,0,-5,G minor,4
Ways to Go,GROUPLOVE,"September 17, 2013",101,9B,83,3:35,,indie,,Spreading Rumours,58,0,0,18,0,20,-8,G,4
Changing of the Seasons,Two Door Cinema Club,"September 30, 2013",130,10B,87,3:42,,"indie, indie rock","Pop, Rock",Changing of the Seasons,54,0,0,59,10,10,-4,D,4
Bright,Echosmith,"October 1, 2013",90,2B,43,3:40,,"electropop, indie poptimism, viral pop","Electronic, Pop",Talking Dreams (Deluxe Edition),65,64,0,29,0,10,-9,F#/Gâ™­,4
Dangerous (feat. Joywave),"Big Data, Joywave","October 1, 2013",103,8B,58,4:40,22,"metropopolis, modern alternative rock, indietronica, modern rock, rochester ny indie, shimmer pop","Electronic, Pop, Rock",2,76,1,1,95,0,10,-4,C,4
Cigarette Daydreams,Cage The Elephant,"October 8, 2013",114,10B,68,3:28,18,"modern alternative rock, modern rock, pov: indie, punk blues, rock","Rock, Blues",Melophobia,64,8,0,27,0,0,-3,D,4
Rude,MAGIC!,"October 11, 2013",144,3B,76,3:44,22,"pop, reggae fusion","Pop, Reggae",Don't Kill the Magic,77,4,0,93,0,30,-5,Câ™¯/Dâ™­,4
3005,Childish Gambino,"October 22, 2013",166,11A,46,3:54,22,"atl hip hop, hip hop, rap",Hip Hop,Because The Internet,47,15,0,62,30,10,-6,F#/Gâ™­ minor,4
Hard out Here,Lily Allen,"November 13, 2013",125,12A,82,3:31,22,"dance pop, electropop, neo mellow","Electronic, Pop",Hard out Here,82,11,0,94,0,0,-5,Câ™¯/Dâ™­ minor,4
human,Christina Perri,"November 18, 2013",144,4B,49,4:10,22,soft pop,Pop,head or heart,44,13,0,25,0,10,-6,G#/Aâ™­,4
Habits (Stay High),Tove Lo,"December 6, 2013",110,7B,65,3:29,22,"dance pop, metropopolis, pop, swedish electropop, swedish pop, swedish synthpop","Electronic, Pop",Queen Of The Clouds,73,7,0,35,0,0,-4,F,4
Fall In Love,Phantogram,"December 10, 2013",188,7A,86,3:43,22,"indietronica, metropopolis, neo-synthpop","Electronic, Pop, Rock",Voices,34,5,0,27,10,20,-3,D minor,4
